EXCELROW	Code	Bank info	公司情况备注	Bill to	Ship to	Company	Country/Area	Website	ADD	Products	Type	Contact	Position	Email	Social media(wechat/whatsapp)	对接点合作方向	col16	col17	col18	col19	col20	col21	col22	col23	col24	col25	col26	col27	col28	col29	col30	col31	col32	col33	col34	col35	col36	col37	col38	col39	col40	col41	col42	col43
2	深圳财务公司	工商银行深圳西丽支行 | 4 0000 2740 9200 2894 82	每月打款200元服务费			深圳市博智明管理咨询有限公司					Third-party	何赛男（老板）																																
3	深圳财务公司										Third-party	陈主管（记账）																																
4	深圳财务公司										Third-party	荣姐-男姐的姐姐（工资表）																																
5			仓库委托单对接人			英捷讯					Third-party	林秋雅-委托单对接人	Commerce coordiantor		19230976604																													
6	香港合作仓库	1 | Bank Name: BANK OF CHINA HONGKONG BRANCH LANDMARK-NORTHSUB-BRANCH | Bank Address: Shop351,Landmark North,Sheung Shui,New Territories | Swift code: BKCHHKHH | Company Name: TUNG-D INTERNATIONAL DEVELOPMENT LIMITED | USD Account #:012-807-9-206456-2 | HKD Account #:01280710208438 | 2 | Bank Name: THE HONGKONG AND SHANGHAI BANKING CORPORATION LTD(THE HONGKONG AND SHANGHAI BANKING CORPORATION LIMITED) | Bank Address: 1 Queen's Road Central,Hong Kong | SwiÃ code: HSBCHKHHHKH | Company Name: TUNG-D INTERNATIONAL DEVELOPMENT LIMITED | Account #:004509757233838(USD/HKD)	国内抬头英捷讯 | FEDEX #449517903,运费要2127HKD=303美元貨值每100USD收HKD17.7, 頭一百块美金免費,1327.5HKD 保險費,用IP 服務 HKD 863.82用IE 服務 HKD 773.64			TUNG-D INTERNATIONAL DEVELOPMENT LIMITED			Unit No. 104, 1st Floor, Sunbeam Centre, 27 Shing Yip Street. Kwun Tong, Kowloon, HK		Third-party	Hing or Cheong-仓库对接人 | 852-27507170	W/H		wxid_4626926269522																													
7	香港秘书公司		何赛男帮对接秘书公司		2023-2024.3服务费用：审计1300（非必须），年审2600（必须） =港币转是4267	WIN YU BUSINESS CONSULTING LIMITED					Third-party	何赛男																																
8	3楼租金季度打4440	开户行:招商银行深圳翠竹支行 | 转账账号:国内转账 7559 6317 4610 718 0166 0690 | 户名:深圳市大港创客空间有限公司 | 联系地址:深圳市南山区临海大道前海香缤大厦301-323	季度付4440（每月1480）			深圳市大港创客空间有限公司					Third-party	李楠	Reception desk																															
9	20楼租金季度打3000	开户名: 深圳市惠创创客空间有限公司  | 开户行: 招商银行深圳翠竹支行  | 转账账号: 7559 6097 0410 368 0166 0690									Third-party	何梦霞	Reception desk																															
10	换汇	香港匯誠捷贸易有限公司： | HK HCJ TRADE CO LTD  | 賬號：391342802250 | 行號006 | 花旗銀行：CITIBANK NA HK BRANCH。swift：CITIHKHX									Third-party	张伟	CEO		13416425479																													
11	结汇公司	香港人民幣銀行帳戶 銀行代碼：012 帳戶號碼: 59020170240公司名字 :WIN YU BUSINESS CONSULTING LIMITED 銀行名稱：BANK OF CHINA (HONG KONG) LIMITED銀行地址: 1 GARDEN ROAD HONG KONG |  | 公司账户 HK ZHISHENG TRADE LIMITED | 账号：846210163747 | 银行代码：009 | 银行名称：China Construction Bank （Asia） | Swift Code:CCBQHKAX | 0317换汇5万美金									Third-party																																	
12	202401	上海岚曦实业有限公司 | 上海市金山区张堰镇松金公路2514号1幢5941室 | 开户银行：上海农村商业银行股份有限公司陈行支行 | 账号：50131000866863731 | 税号：9131011858677386XX  |  | 沈健个帐 | 工商银行华山路支行 | 9558801001167285458	连接器供应商			上海岚曦实业有限公司		http://www.lanxish.net/			IT DIST	沈健	CEO	13671644091@139.com	17721488654（最常用） | 13671644091 | 19521383804 | Q2881910286																													
13	202402		连接器客户			ShoaSabz company（自己）/Raica Tejarat tavan Pajoohan（合股）	IR				IT DIST	Behrad Norouzi Asl	CEO	Business@raicaco.com | CEO@shoasabz.com	98 9126269072	connector																												
14	202403		连接器客户-公司已注销	LOUIS YEN SINGAPORE PTE. LTD, | Add: 60 KAKI BUKIT PLACE, #04-01 EUNOS TECHPARK, SINGAPORE 415979 | Contact: William Ho | Email: william.ho@louisyen.com | TEL: +65-9617-9515	RACER LOGISTICS LTD (HK) | Add: FLAT A-C, 4/F, SOUTHEAST INDUSTRIAL BUILDING,  | 611-619 CASTLE PEAK ROAD. TSUEN WAN , NT | Contact: Chi | TEL: +852-25712125 / 852-25712151	VISAR COMPONENTS PTE LTD	SG	https://visarcomponents.com	Blk9003 Tampines Street 93, #03-194, Tampines Industrial Park A, Singapore 528837	Molex,锂电池	IT DIST	William Ho		williamho@visarcomponents.com	T: +65-6782-7281 | M: +65-9617-9515 | S : howilliam72	Hirose RPC1-12RB-6P(71) - Panel mount plug | Hirose RPC1-12P-6S(72) - Cable socket | 1000pcs $2.3																												
15	202403					VISAR COMPONENTS PTE LTD	SG				IT DIST	Sarah Megan		sarahmhhm@visarcomponents.com																														
16	202403					VISAR COMPONENTS PTE LTD	SG				IT DIST	Alice Lim		Alice.Lim@visarcomponents.com																														
17	202403					VISAR COMPONENTS PTE LTD	SG				IT DIST	Ryan Ho TS		RyanHTS@visarcomponents.com																														
18	202404					无锡优奇智能科技有限公司	CN	https://www.uqirobot.com/#			IT DIST	刘洪强	R&D	honqiang.liu@uqirobot.com		TE 776932-3替代																												
19												王金枝	Buyer																															
20	202405					ALDEN TECHNOLOGY-FZCO/ALDEN ELECTRO DIGITAL					IT DIST	PAUL JOSUE MPANDO			971 52 282 1055																													
21	202405					ALDEN TECHNOLOGY-FZCO/ALDEN ELECTRO DIGITAL					IT DIST	Faycal Ben Mabrouk		Benmabroukfay@gmail.com	971555277132																													
22	202501		Ship to:  | Polaris Mobility Solutions Co Ltd  | Add: A,10/F,KWUN TONG IND CTR BLK 01,KWUN TONG RD 472-484,HongKong 觀塘工業中心 1 期 10 楼 10A九龍觀塘觀塘道472-484號 | Instock NO.：PMSC1 | Cantact: Jason | +852-51788053/+852 3689 9667	Polaris Mobility Solutions Co Ltd  | Add: FLAT/RM A1 BLK 01 10/F KWUN TONG INDUSTRIAL CENTRE 472-484 KWUN TONG ROAD KWUN TONG KL, HK | Contact: Colin Lin | Email: colin.lin@pmspte.com | TEL: +86 18668035107	Polaris Mobility Solutions Co Ltd  | Add: A,10/F,KWUN TONG IND CTR BLK 01,KWUN TONG RD 472-484,HongKong 觀塘工業中心 1 期 10 楼 10A九龍觀塘觀塘道472-484號 | Instock NO.：PMSC1 | Candice/Jason | +852-51788053/+852 3689 9667	深圳市极光通讯科技有限公司 | POLARIS MOBILITY SOLUTIONS CO.LTD/Indus Innovation/Wise/Htai/NEVIEW	深圳市南山区南新路1024号阳光科创中心B座2706 | B2706,Yangguang Kechuang Center NanxinRoad,Nanshan,Shenzhen GuangDong,PRC	https://www.pmspte.com	深圳市南山区阳光科创中心B座2706	专业 三星存 储 供应 商 | SAMSUNG Memory Vendor	IT DIST	林玉龙 Colin | 18668035107	Sales Manager	colin.lin@pmspte.com	18668035107																													
23	202501					深圳市极光通讯科技有限公司 | POLARIS MOBILITY SOLUTIONS CO.LTD	深圳市南山区南新路1024号阳光科创中心B座2706B2706,Yangguang Kechuang Center NanxinRoad,Nanshan,Shenzhen GuangDong,PRC	https://www.pmspte.com	深圳市南山区阳光科创中心B座2707	专业 三星存 储 供应 商 | SAMSUNG Memory Vendor	IT DIST	韩贤武 Martin Han	CEO	Martin.han@pmspte.com	18603059191																													
24	202501					深圳市极光通讯科技有限公司 | POLARIS MOBILITY SOLUTIONS CO.LTD	深圳市南山区南新路1024号阳光科创中心B座2706B2706,Yangguang Kechuang Center NanxinRoad,Nanshan,Shenzhen GuangDong,PRC	https://www.pmspte.com	深圳市南山区阳光科创中心B座2708	专业 三星存 储 供应 商 | SAMSUNG Memory Vendor	IT DIST	Eva Hu胡蝶	Sales	eva.hu@pmspte.com																														
25	202501					深圳市极光通讯科技有限公司 | POLARIS MOBILITY SOLUTIONS CO.LTD	深圳市南山区南新路1024号阳光科创中心B座2706B2706,Yangguang Kechuang Center NanxinRoad,Nanshan,Shenzhen GuangDong,PRC	https://www.pmspte.com	深圳市南山区阳光科创中心B座2709	专业 三星存 储 供应 商 | SAMSUNG Memory Vendor	IT DIST	Caroline Lee	Sales	Caroline.lee@pmspte.com	13631375283																													
26	202501					深圳市极光通讯科技有限公司 | POLARIS MOBILITY SOLUTIONS CO.LTD	深圳市南山区南新路1024号阳光科创中心B座2706B2706,Yangguang Kechuang Center NanxinRoad,Nanshan,Shenzhen GuangDong,PRC	https://www.pmspte.com	深圳市南山区阳光科创中心B座2710	专业 三星存 储 供应 商 | SAMSUNG Memory Vendor	IT DIST	Vivi	Buyer			负责对接供应商下单																												
27	202501					深圳市极光通讯科技有限公司 | POLARIS MOBILITY SOLUTIONS CO.LTD	深圳市南山区南新路1024号阳光科创中心B座2706B2706,Yangguang Kechuang Center NanxinRoad,Nanshan,Shenzhen GuangDong,PRC	https://www.pmspte.com	深圳市南山区阳光科创中心B座2711	专业 三星存 储 供应 商 | SAMSUNG Memory Vendor	IT DIST	Jasmine	Sales			负责对接客户下单																												
28												Rannie	Sales	rannie.chen@pmspte.com	852-51788053	vdo背调																												
29	202501					深圳市极光通讯科技有限公司 | POLARIS MOBILITY SOLUTIONS CO.LTD	深圳市南山区南新路1024号阳光科创中心B座2706B2706,Yangguang Kechuang Center NanxinRoad,Nanshan,Shenzhen GuangDong,PRC	https://www.pmspte.com	深圳市南山区阳光科创中心B座2712	专业 三星存 储 供应 商 | SAMSUNG Memory Vendor	IT DIST	Mari Lu	Sales																															
30	202501					深圳市极光通讯科技有限公司 | POLARIS MOBILITY SOLUTIONS CO.LTD	深圳市南山区南新路1024号阳光科创中心B座2706B2706,Yangguang Kechuang Center NanxinRoad,Nanshan,Shenzhen GuangDong,PRC	https://www.pmspte.com	深圳市南山区阳光科创中心B座2713	专业 三星存 储 供应 商 | SAMSUNG Memory Vendor	IT DIST	Crystal D.	Sales																															
31	202501					深圳市极光通讯科技有限公司 | POLARIS MOBILITY SOLUTIONS CO.LTD	深圳市南山区南新路1024号阳光科创中心B座2706B2706,Yangguang Kechuang Center NanxinRoad,Nanshan,Shenzhen GuangDong,PRC	https://www.pmspte.com	深圳市南山区阳光科创中心B座2714	专业 三星存 储 供应 商 | SAMSUNG Memory Vendor	IT DIST	Nicole Huang	Sales			Head of European Sales																												
32	202501					深圳市极光通讯科技有限公司 | POLARIS MOBILITY SOLUTIONS CO.LTD	深圳市南山区南新路1024号阳光科创中心B座2706B2706,Yangguang Kechuang Center NanxinRoad,Nanshan,Shenzhen GuangDong,PRC	https://www.pmspte.com	深圳市南山区阳光科创中心B座2715	专业 三星存 储 供应 商 | SAMSUNG Memory Vendor	IT DIST	Tony Zhang	Director			组长之一																												
33	202501					深圳市极光通讯科技有限公司 | POLARIS MOBILITY SOLUTIONS CO.LTD	深圳市南山区南新路1024号阳光科创中心B座2706B2706,Yangguang Kechuang Center NanxinRoad,Nanshan,Shenzhen GuangDong,PRC	https://www.pmspte.com	深圳市南山区阳光科创中心B座2716	专业 三星存 储 供应 商 | SAMSUNG Memory Vendor	IT DIST	Abhijit Misal				合伙人？																												
34	202501					深圳市极光通讯科技有限公司 | POLARIS MOBILITY SOLUTIONS CO.LTD	深圳市南山区南新路1024号阳光科创中心B座2706B2706,Yangguang Kechuang Center NanxinRoad,Nanshan,Shenzhen GuangDong,PRC	https://www.pmspte.com	深圳市南山区阳光科创中心B座2717	专业 三星存 储 供应 商 | SAMSUNG Memory Vendor	IT DIST	Tom Chen	Sales	tom.chen@pmspte.com	13728604961																													
35	202501					深圳市极光通讯科技有限公司 | POLARIS MOBILITY SOLUTIONS CO.LTD	深圳市南山区南新路1024号阳光科创中心B座2706B2706,Yangguang Kechuang Center NanxinRoad,Nanshan,Shenzhen GuangDong,PRC	https://www.pmspte.com	深圳市南山区阳光科创中心B座2717	专业 三星存 储 供应 商 | SAMSUNG Memory Vendor	IT DIST	Rose Lu	Sales	rose.lu@pmspte.com	15580906934																													
36	202501					深圳市极光通讯科技有限公司 | POLARIS MOBILITY SOLUTIONS CO.LTD	深圳市南山区南新路1024号阳光科创中心B座2706B2706,Yangguang Kechuang Center NanxinRoad,Nanshan,Shenzhen GuangDong,PRC	https://www.pmspte.com	深圳市南山区阳光科创中心B座2717	专业 三星存 储 供应 商 | SAMSUNG Memory Vendor	IT DIST	Ruby Huang	Sales	ruby.huang@pmspte.com	15920591472																													
37	202501					Neview Technology Ltd/PMS	HK	www.neviewtek.com/en/		SSD RAM NETWORK CARD SWITCH HDD	IT DIST	Gloria lu	Sales	gloria@neviewtek.com				外贸通																										
38	202501					Neview Technology Ltd/PMS	HK	www.neviewtek.com/en/		服务器三星内存、SSD现货	IT DIST	Doris Rao	Sales	doris.rao@neviewtek.com	15207198097 | whatsapp 85297194857	25年销售额1.5亿RMB；采购额1个亿；利润几百万		外贸通																										
39	202502	Taurus Europe B.V. | Beechavenue 113 1119 RB Schiphol-Rijk The Netherlands | USD Bank account  | number: 56.90.76.609  | USD Swift code: ABNANL2A  | USD IBAN Number: NL41ABNA0569076609	CPU有出价，Intel/AMD可以批库存清单，批出来的一般出给泰盛、fusion、Smith这种。 | 目前合作的大陆终端：朴赛、广达、宝德、天翱、五舟、华谊。 | 25年整个集团做了20亿欧元，其中50-60% Taurus这个抬头做得，约10亿欧元。 | 对单销售GP:8-12个点；采购GP:3-4个点。做库存：HDD:千一；SSD: 2.5	Taurus Europe B.V. | Add: Beechavenue 113 | 1119RB Schiphol Rijk | The Netherlands | Contact person: Alynn Huang | Phone no.: +86 18319821107 | Email: alynn.huang@taurusasia.com	Taurus Europe B.V. | Add: Beechavenue 113 | 1119RB Schiphol Rijk | The Netherlands | Contact person: Saurav Garg | Phone no.: +31 23 561 0331 | Email: info@tauruseu.com	Taurus Europe BV	NL	http://www.tauruseu.com	7, steven,briocean和荷兰同事拿货多，代理SSD, 存储，对应skylar, francis合作很多。老板Eric，印度人，英国读大学，荷兰创业。computex参加，台湾得有办公室才有。LED有需求，国外品牌找不到。数量蛮多的。TI服务器也做，也是和因特尔直接拿货。竞标list推下有购买力的贸易商。CPU现货有需求。6336Y	合作：东芝/希捷/三星 | 三星和Solidigm，硬盘代理东芝和金士顿，cpu有做Intel和AMD	IT DIST	Alynn Huang	Buyer	alynn.huang@taurusasia.com	18319821107	 | inq/offer都可以发																												
40	202502					Taurus Europe BV	NL	http://www.tauruseu.com			IT DIST	Vikas Gupta	Buyer	vikas@tauruseu.com		财务，东芝PM。需对接																												
41	202502					Taurus Europe BV	NL	http://www.tauruseu.com			IT DIST	Christos Karavasilis		Christos@tauruseu.com		alynn leader，主管Intel。需对接																												
42	202502					Taurus Europe BV	NL	http://www.tauruseu.com			IT DIST	Saurav Garg	CEO	saurav@tauruseu.com		老板，也是付款的，主管三星。需用PF抬头去对接																												
43	202502					Taurus Europe BV	NL	http://www.lnafreight.nl	L&A Freight B.V. | Rijnlanderweg 766K | 2132 NM Hoofddorp | The Netherlands			Kristian Cornelissen | 31 020 6556060	Others	Distri@lnafreight.nl	Skype: kristiancornelissen	仓管，待确认是alynn家还是合作仓库																												
44	202502					Taurus Europe BV	NL	http://www.tauruseu.com				Arun Garg	CEO	arun@tauruseu.com																														
45	202502					Taurus Europe BV	NL	http://www.lnafreight.nl	L&A Freight B.V. | Rijnlanderweg 766K | 2133 NM Hoofddorp | The Netherlands			Jason Maselino	Director	jason@tauruseu.com																														
46	202502					Taurus Europe BV	NL	http://www.tauruseu.com				Noemi D.	Sales	noemi@tauruseu.com																														
47	202502					Taurus Europe BV	NL	http://www.tauruseu.com			IT DIST	Francesco T.	Buyer	francesco@tauruseu.com	31615410977	之前在Waldom，newpower																												
48	202502					Taurus Europe BV	NL	http://www.lnafreight.nl	L&A Freight B.V. | Rijnlanderweg 766K | 2134 NM Hoofddorp | The Netherlands			Raymond Luk	Sales Manager																															
49	202502					Taurus Europe BV	NL	http://www.tauruseu.com				Youssef Hilali | 	Sales		31655227920																													
50	202502					TAURUS EUROPE B.V.	NL	http://www.taurus.eu.com	荷兰		IT AD/franchise	+31 23-561-0331	Sales	samsung@taurus.eu.com				三星原厂官网																										
51	202502					ClusterVision Solutions BV/Taurus	荷兰	Elevate your AI & Machine Learning capabilities with NVIDIA A100 PCIe GPU - High Performance Computing, Machine Learning and Parallel Storage. (clustervision.com)		大数据，存储，服务器	IT DIST	Pepijn IJsselmuiden	Sales	sales@clustervision.com																														
52	202502					ClusterVision Solutions BV/Taurus	荷兰	Elevate your AI & Machine Learning capabilities with NVIDIA A100 PCIe GPU - High Performance Computing, Machine Learning and Parallel Storage. (clustervision.com)		大数据，存储，服务器	IT DIST	Alex Ninaber	Director	alex.ninaber@clustervision.com																														
53	202503			NX Electronics Limited | Add: Room 1101, 11/F, Trust Centre, 912-914 Cheung Sha Wan Road, | Kowloon, Hong Kong | Contact person: Johnny Xiong | Phone no.: +86 13637309991 | Email: Johnny.Xiong@nxelectronics.com	NX Electronics Limited | Add: 1101, 11/F, Trust Centre, 912-914 Cheung Sha Wan Road, Kowloon, Hong Kong | 香港九龙长沙湾道时信中心11楼 | Contact person: Mr Chan | Phone no.: +852 2370 1211	NX Electronics Limited领峰数码电子有限公司 | Alliance Integrated Services Limited	SZ, HK	https://nxelectronics.com/	SZ:福田区华强北路宝华大厦A座2088室 | HK WH:香港九龙长沙湾道时信中心11楼 | 11/F, Trust Center, 912 Cheung Sha Wan Road, Kowloon, Hong Kong	合作:intel/AMD/Samsung/Toshiba | DRAM, Memory, flash IC, memory card, CPU, HDD, SSD, SMT assembly	IT DIST	johnny xiong熊壮	Sales	johnny.xiong@nxelectronics.com	13637309991	inq/offer都可以发 | cpu服务器要发inquiry，也要告知找国外																												
54	202503					NX Electronics Limited | Alliance Integrated Services Limited	SZ, HK	https://nxelectronics.com/	SZ:福田区华强北路宝华大厦A座2088室 | HK WH:香港九龙长沙湾道时信中心11楼	DRAM, Memory, flash IC, memory card, CPU, HDD, SSD, SMT assembly	IT DIST	Eric Auw-Yang欧阳清坚	Director	eric@nxelectronics.com	852 29913045	小老板，负责所有																												
55	202503					NX Electronics Limited | Alliance Integrated Services Limited		https://nxelectronics.com/				Henry	CEO			大老板，只负责大订单审批																												
56	202503					NX Electronics Limited | Alliance Integrated Services Limited		https://nxelectronics.com/				Tiffany		tiffanyleung@nxelectronics.com	852 9305 5516																													
57	202503					NX Electronics Limited领峰数码电子有限公司 | Alliance Integrated Services Limited	HK/TW/SZ	http://www.nxelectronics.com	Room 1101, 11/F, Trust Centre, 912-914 Cheung Sha Wan Road, Kowloon, Hong Kong		IT DIST	Hedy Zhou	Sales	hedyzhou@nxelectronics.com	13510529331																													
58	202503					NX Electronics Limited | Alliance Integrated Services Limited	HK/TW/SZ	http://www.nxelectronics.com	Room 1101, 11/F, Trust Centre, 912-914 Cheung Sha Wan Road, Kowloon, Hong Kong		IT DIST	Alix Zhang	Sales Manager	alix@nxelectronics.com																														
59	202503					NX Electronics Limited领峰数码电子有限公司 | Alliance Integrated Services Limited	HK/TW/SZ	http://www.nxelectronics.com	Room 1101, 11/F, Trust Centre, 912-914 Cheung Sha Wan Road, Kowloon, Hong Kong		IT DIST	Daisy Tang	Sales Manager	daisy@nxelectronics.com																														
60	202503					NX Electronics Limited | Alliance Integrated Services Limited	HK/TW/SZ	http://www.nxelectronics.com	Room 1101, 11/F, Trust Centre, 912-914 Cheung Sha Wan Road, Kowloon, Hong Kong		IT DIST	Ho Sang Yam	Sales Manager	dickyam@nxelectronics.com																														
61	202504		AJ WORLD HK LIMITED | Add: Flat 6, 25/F, South China Industrial Building, 1 Chun Pin Street, Kwai Chung, NT, Hong Kong | Contact person: Ms Simi | Phone no.: +852 97888086 | Email: ops@ajworld.hk	Techno Com FZCO | Add: Jebel Ali Free Zone, Dubai United Arab Emirates | Contact person: Quynh Tran | Phone no.: +358 451775799 | Email: sales1@techno-computer.com	AJ WORLD HK LIMITED | Add: Flat 6, 25/F, South China Industrial Building, 1 Chun Pin Street, Kwai Chung, NT, Hong Kong | Contact person: Ms Simi | Phone no.: +852 97888086 | Email: ops@ajworld.hk	Techno Com FZCO	UAE	www.techno-computer.com	Workstation no. LB190606WS01 Jebel AliFree Zone	合作：东芝	IT SHOP	Quynh Tran	Buyer	Sales1@techno-computer.com	WA: +358 451775799 | Skype: live:.cid.4b901deca8c8bcc4	Offer都可以推，需求也可以发（但是要背调才能买）																												
62	202504					Techno Com FZCO	UAE	www.techno-computer.com	PO.Box # 261113 DXB | Office # TPOFCA04-WS05 Techno Park, Jebel Ali, Dubai, U.A.E.	components+成品	IT SHOP	Ahsan Sayed | 9714 393 80 50	CEO	ahsan@techno-computer.com	97156 25 77 000																													
63	202504					Techno Com FZCO	UAE	www.techno-computer.com	Workstation no. LB190606WS01 Jebel AliFree Zone	AMD, Samsung	IT SHOP	jullie jul	Sales	sales@techno-computer.com																														
64	202504					Techno Com FZCO	UAE	www.techno-computer.com			IT SHOP	Jawad	Sales	jawad@techno-computer.com																														
66	202504					Techno Com FZCO	UAE	www.techno-computer.com	Workstation no. LB190606WS01 Jebel AliFree Zone	AMD, Samsung	IT SHOP	Yuliya		未提供	358 46 5934942																													
67	202505		E-energy宝信， centurytech.sg ，hkstellar.com，hypertek.nl ，lasysco.us，smoothroute畅途,Cozy sail逸帆，magicube	SMOOTH ROUTE INTERNATIONAL TRADING CO., LIMITED | Add: Room 08 ,15/F, Aram Centre Offce Tower ll, 625Nathan Road, Mongkok, Hong Kong | Contact person: Susanna Zhong | Phone no.: +86 13719390512 | Email: susanna@hksmoothroute.com	Magnificent Commerce Co., Ltd. | Add: Unit 05, 15/F, Hewlett Centre, No.54 Hoi Yuen Road, Kwun Tong, Hong Kong香港九龍觀塘,開源道45號, 有利中心15樓05室 | Contact person: Mr Zhang | Phone no.: +852-62172986	SMOOTH ROUTE INTERNATIONAL TRADING CO., LIMITED | 暢途國際貿易有限公司	SZ, HK		Room 08 ,15/F, Aram Centre Offce Tower ll, 625Nathan Road, Mongkok, Hong Kong | 办公地址：汉国中心5902	合作：HDD	IT DIST	Susanna Zhong/Chuang | 江门	Purchasing Manger	susanna@hksmoothroute.com	13719390512	inq/offer都可以发（发优质的就行）																												
68	202510		主板出货要求 | 1线材放主板一个箱子一起发货的，箱子上写明：内有配件； | 2线材单独放的，配件箱子上写明：主板型号+数量 +配件箱（例：MBD-X13SAE-F-B 30片 配件箱）； | 3.箱单上面还需要备注好产地 台湾 中国 中国台湾必须备注清晰； | 4.外箱请勿出现贵司的信息，保留产品信息就好； | 5.香港仓库备好货前告知，客户看下是否上门自提；若自提，则不需要送货到仓库； | 6 出货前需提供 回签，CI,PL及SN	SYNO DISTRIBUTION LIMITED | Add: ROOM 1212, 12/F., HEWLETT CENTER,54 HOI YUEN ROAD, KWUN TONG,KOWLOON, HONG KONG | Contact: Katrina Lou | Email: katrinalou@synohk.com | TEL: +86 15775097950	SYNO DISTRIBUTION LIMITED | Add: 香港九龍觀塘開源道上45號有利中心11樓02室 | Contact: 羅美英 | Tel: 852-84009585	Syno Distribution Limited	HK/GZ		UNIT D3 11/F LUK HOP INDUSTRIAL BUILDING, 8 LUK HOPSTREET SAN PO KONG, KL ,HONGKONG | 广州市天河区员村街道金硕一路11号汉银广场35楼01室	合作：HDD	IT DIST	Katrina Lou /卢启儿	Purchasing Manger	katrinalou@synohk.com	15775097950 | Lik1289	好的价格和靠谱的offer都可以发，很难反馈TP，价格好直接下单，offer要稳																												
69	202510					SYNO Distribution Limited	HK/GZ		UNIT D3 11/F LUK HOP INDUSTRIAL BUILDING, 8 LUK HOPSTREET SAN PO KONG, KL ,HONGKONG | 广州市天河区员村街道金硕一路11号汉银广场35楼01室	Networking: Aruba / Cisco | Server: HPE/ DELL/ SUPERMICRO	IT DIST	Julie Chu		julie.chu@synohk.com																														
70	202510					Syno Distribution Limited	HK/GZ		仓库送货地址 | Add: 香港九龍觀塘開源道上45號有利中心11樓02室 | Contact: 羅美英 | Tel: 852-84009585		IT DIST	Max Lam | 18925077526	Buyer	tl@synohk.com		INQ: ST12000VE001																												
71	202505	GPU银行卡AccountNumber:47411025128 | HolderName:SMOOTHROUTEINTERNATIONALTRADINGCO.,LIMITED | BankName:STANDARDCHARTEREDBANK(HONGKONG)LIMITED | Country:HongKong | BankAddress:15/FStandardCharteredTower,388KwunTongRoad,KwunTong, | HongKong | AccountType:SAVINGS | Swift/BIC:SCBLHKHHXXX | BankCode:003 | BranchNumber:474		Lynn Tse | SYNO DISTRIBUTION LIMITED. |  | Teams：lynn.tse03@gmail.com  | Tele|Whatsapp : +8613826467924 | Address: Room1212,12/F，Hewlett center,54 Hoi  | Yuen Road, KwunTong, Kowloon, HongKong.	HDD自提： | 觀塘開源道54號豐利中心15樓05室（Room 1505, 15th, Fung Lee Centre | 54 Hoi Yuen Road, Kwun Tong, Hong Kong）谭先生，852-62172986 |  | 仓库自提：香港九龍觀塘,開源道45號, 有利中心11樓16室李志兴852 56249393 | 做单：Warehouse Address: | ROOM 1212, 12/F., HEWLETTCENTER,54 HOI YUEN ROAD, KWUNTONG,KOWLOON, HONGKONG | contact : | Mr Zhang/Miss Lynn | tele: 852-62172986	SYNO	SZ, HK		仓库送货地址：Magnificent Commerce Co., Ltd. | Add: Unit 05, 15/F, Hewlett Centre, No.54 Hoi Yuen Road, Kwun Tong, Hong Kong | Contact person: Mr Zhang | Phone no.: +852-62172986	合作：GPU/HDD	IT DIST	Lynn Tse谢霖杉	Sales Manager	Lynn@synohk.com	13826467924	inq都可以发（发优质的就行，国内一般客户的不发）																												
72						CENTURY TECH SYSTEM PTE.LTD | www.centurytech.sg	8 Marina View,Asia Square Tower | 1,#42-01&#43-01,Singap0re, | 018960	CENTURY TECH SYSTEM PTE.LTD | www.centurytech.sg	8 Marina View,Asia Square Tower | 1,#42-01&#43-01,Singap0re, | 018960	Processors, Memory, Solid State drives, ICs, Computer Products & Peripherals	IT DIST	Eunica Liao	Sales	liao@centurytech.sg				May 领英																										
73						CENTURY TECH SYSTEM PTE.LTD | www.centurytech.sg	8 Marina View,Asia Square Tower | 1,#42-01&#43-01,Singap0re, | 018960	CENTURY TECH SYSTEM PTE.LTD | www.centurytech.sg	8 Marina View,Asia Square Tower | 1,#42-01&#43-01,Singap0re, | 018960		IT DIST	Kathy	Sales	kathy@centurytech.sg	65 8159 3915																													
74						CENTURY TECH SYSTEM PTE.LTD | www.centurytech.sg		CENTURY TECH SYSTEM PTE.LTD | www.centurytech.sg			IT DIST	Sammy	Sales Manager	sammy@centurytech.sg				May 领英																										
75	202506		IL新仓库地址：Data JCE Electronics LTD. | 7 Yegi'a Kapayim St., Petah Tikva, ISRAEL 4913017 | Attn: Dubi Olshvizki | Tel.: +972-3-6454444  | Fax: +972-3-6454400	Data JCE Electronics LTD. VAT# 512240995 | Add: 9 Ha-Psagot St., Petach Tikva, Israel 4951041 | Contact person: Racheli Eilon | Phone no.: +972 54 780 0139 | Email: racheli@data-jce.com	White Horse Laboratories Ltd. | Add: Unit A 10/F, Wofoo Building, 204-210 Texaco Road, Tsuen Wan, N.T., Hong Kong SAR, China | 中国香港新界荃灣德士古道204-210號和富大廈10樓A室 | ATTN: Jetrin Lam  | TEL: +852 2614 5998	DATA JCE ELECTRONICS LTD.	IL	https://www.data-jce.com/	新办公室9 Ha-Psagot St., Petach Tikva, Israel 4951041	合作：三星颗粒	IT DIST	Racheli Eilon | 972-3-6454438	Purchasing manager	racheli@data-jce.com	972-54-7800139																													
76	202506		香港仓库： | 香港商貿港有限公司 | 香港大嶼山 | 香港國際機場駿裕路21號 | 商貿港物流中心1/F |  | Contact: Joey Chan, Amber Sze To | Tel:(852) 2886 1340			DATA JCE ELECTRONICS LTD.	IL	https://www.data-jce.com/			IT DIST	Sharon Arlo | 972-3-6454439	CEO	sharona@data-jce.com	972-54-5248087	来中国见面2次，谈战略合作																												
77				Data JCE Electronics LTD. | Add: 9 Ha-Psagot St., Petach Tikva, Israel 4951041 | Contact person: Oren Shemesh | Phone no.: +972-54-7800152 | Email: orens@data-jce.com	Data JCE Electronics LTD. | 7 Yegi'a Kapayim St., Petah Tikva, ISRAEL 4913017 | Attn: Dubi Olshvizki | Tel.: +972-3-6454444  | Fax: +972-3-6454400 | 香港商貿港有限公司 | 香港大嶼山， | 香港國際機場駿裕路21號 | 商貿港物流中心1/F | Contact: Joey Chan, Amber Sze To | Tel:(852) 2886 1340	DATA JCE ELECTRONICS LTD.			M&E code: 6300249	合作：三星SSD/RAM		Oren Shemesh | 972-3-6454436	Sales Manager	orens@data-jce.com	972-54-7800152	Storage & Memory Modules PLM | samsung -ssd/module DRAM PM sales | Eckhart Tolle偶像																												
78				Data JCE Electronics LTD. | Add: 9 Ha-Psagot St., Petach Tikva, Israel 4951041 | Contact person: Moran Gotlieb | Phone no.: +972-54-7800514 | Email: moran@data-jce.com	DATA JCE ELECTRONICS LTD. C/O TRADEPORT HK LTD | Add: 2 M, TRADEPORT LOGISTICS CENTRE | ROAD,LANTAU,HK INT'L AIRPORT HONG KONG | Contact: Wai Ling | TEL: +(852) 2286 1303	DATA JCE ELECTRONICS LTD.				合作：三星颗粒		Moran Gotlieb | 972-3-6454419	Purchasing manager	moran@data-jce.com	972-54-7800514	DRAM/EMMC IC																												
79	202506		DATA JCE ELECTRONICS LTD. C/O TRADEPORT HK LTD | Add: 2 M, TRADEPORT LOGISTICS CENTRE | ROAD,LANTAU,HK INT'L AIRPORT HONG KONG | Contact: Wai Ling | TEL: +(852) 2286 1303			DATA JCE ELECTRONICS LTD.	IL	https://www.data-jce.com/			IT DIST	Shahar Achrak	CFO																															
80	202506					DATA JCE ELECTRONICS LTD.	IL	https://www.data-jce.com/			IT DIST																																	
81	202506					DATA JCE ELECTRONICS LTD.	IL	https://www.data-jce.com/			IT DIST	Einat Dekel	Finance	einatd@data-jce.com	972-3-6454446	财务水单																												
82												Assi Bachar	COO	assi@data-jce.com		单据抄送																												
83	202506					DATA JCE ELECTRONICS LTD.	IL	https://www.data-jce.com/			IT DIST	Rozi Cohen		rozi@data-jce.com		单据抄送																												
84												Orlys		orlys@data-jce.com		单据抄送																												
85	202506					DATA JCE ELECTRONICS LTD.	IL	https://www.data-jce.com/			IT DIST	Michal Rousso		michal@data-jce.com		单据抄送																												
86	202506					Data - JCE Electronics LTD	欧洲及中东	http://www.data-jce.com	以色列		IT AD/franchise		Sales	liorb@data-jce.com																														
87	202507	VASTOM HSBC 账户： | 1.Beneficiary's bank name: The Hongkong and Shanghai Banking Corporation Limited (or HSBC HK)  | 2. Beneficiary's name: VASTOM TECHNOLOGY (HK) CO., LIMITED | 3. Beneficiary's account number 004521232892838 | 4. Beneficiary's bank address: No. 1 Queen's Road Central Hong Kong  | 5. SWIFT Code: HSBCHKHH HKH | 6.Beneficiary's company address：RM.517 NEW CITY CENTRE, 2 LEI YUE MUN ROAD, KWUN TONG HONG KONG				VASTOM Technology (HK) Co., Ltd | 华思创芯（深圳）科技有限公司	Shenzhen		深圳龙华区七星广场B座1207C	CPU(INTEL/AMD), SSD, HDD, GPU, Lanchip	IT DIST	Fevian范威 | 19925355641	Sales	vastom3fevian@outlook.com	V: Fevian-Vastom																													
88	202507					VASTOM Technology (HK) Co., Ltd | 华思创芯（深圳）科技有限公司	Shenzhen		深圳龙华区七星广场B座1207C	合作：希捷HDD，CPU	IT DIST	Tracy包爽 | 18946724702	Buyer	vastom7tracy@outlook.com	V: bs980708	inq/offer都可以发（CPU这块，他们和宇强，linkedview,cpu power）																												
89	202507					VASTOM Technology (HK) Co., Ltd | 华思创芯（深圳）科技有限公司	Shenzhen		深圳龙华区七星广场B座1207C	CPU(INTEL/AMD), SSD, HDD, GPU, Lanchip	IT DIST	lynn chen陈邻宇 | 15750710438	CEO	vastom1lynn@outlook.com	V: 15750710438																													
90	202508	东亚已录入 | HONGKONG SINNEN TECHNOLOGY CO., LIMITED | 單位多幣種儲蓄戶：009846210196774 | Bank Name：中國建設銀行（亞洲） | China Construction Bank (Asia) Co., Ltd | Swift Code：CCBQHKAX | Bank Code：009 | Branch Code:846 | Bank Address：20/F CCB Centre, 18 Wang Chiu Road, Kowloon Bay , Kowloo	香港九龙湾启兴道2号太平洋贸易中心10楼16~18号 | 符国光 | 00852-97600611  | 入仓号：XG25120548（每次都不一样）	Hongkong Sinnen Technology Co., Limited | Contact: 张秀芝 | Tel: 13352989915 | Email: zhangxiuzhi@sinnen.cn	Hongkong Sinnen Technology Co., Limited （入仓号:） | Add: 香港九龙湾启兴道2号太平洋贸易中心10楼16~18号 | Contact: 符国光 | TEL: +00852-97600611 |  | 入仓号：BD260601037 | 恒利進出口(香港)有限公司 | 地址：九龍灣大業街59號三湘九龍灣貨運中心4樓D1室  | 联系人：黃德成  | 联系电话：852 31070601	香港星能科技有限公司 | Hongkong Sinnen Technology Co., Limited	Shenzhen		ROOM 1016～1018 ,10/F ,PACIFIC TRADE CENTER ,NO.2 KAI HING ROAD ,KOWLOON,HONG KONG	合作：三星SSD, RAM	IT DIST	张秀芝	Sales	 | zhangxiuzhi@sinnen.cn	13352989915	问她三星固态&内存。价格利润+10USD | offer都可以发																												
91	202508			Hongkong Sinnen Technology Co., Limited | Add: ROOM 1016～1018 ,10/F ,PACIFIC TRADE CENTER ,NO.2 KAI HING ROAD ,KOWLOON,HONG KONG | Contact: Zhang Xiuzhi | Email: zhangxiuzhi@sinnen.cn | TEL: +86 13352989915	Hongkong Sinnen Technology Co., Limited （入仓号:XG25120379） | Add: 香港九龙湾启兴道2号太平洋贸易中心10楼16~18号 | Contact: 符国光 | TEL: +00852-97600611	深圳市星能计算机有限公司	Shenzhen				IT DIST	蔡	CEO																															
92	202508					Hongkong Sinnen Technology Co., Limited						许耀斌-三星PM	Product Manager			PF抬头去i试试运气																												
93	202508											陈玉珊	Sales			PF抬头去i试试运气																												
94	202508											玉紫	Sales		18688958631	PF抬头去i试试运气																												
95	202509					TAMERMANN Group	AT/PL/QT	WWW.TAMERMANN.COM			IT DIST	Emmanuele Bellomo	Director	Emmanuele@tamermann.at	48 788 597 618	PMS的供应商																												
96	202509					TAMERMANN Group						Emmanuele Bellomo	Director	Emmanuele@tamermann.pl																														
97	202509					TAMERMANN Group	AT/PL/QT	WWW.TAMERMANN.COM			IT DIST	Pola Strzalko	Purchasing Manger	pola@tamermann.pl	48668313531																													
98	202509					Tamermann Elektrohandel Gmbh	AT		Leopold-Ungar-Platz 2, Wien, Austria		IT DIST	Karam Bou Tamer	Sales	Karam@tamermann.pl																														
99	202509					Tamermann Trading sp. z.o.o	PL		Kolumbijska 36 | 01-991 Warszawa, PL		IT DIST	Karam Bou Tamer	Sales	Karam@tamermann.at																														
100	202509					Tamermann Elektrohandel Gmbh					IT DIST	Fadi Abou Tamer	CEO	fadi@tamermann.pl																														
101	202509					Tamermann Trading sp. z.o.o					IT DIST	Fadi Abou Tamer	CEO	fadi@tamermann.at																														
106	202511	摩根大通香港 | Account Number: 63001178788 | Holder Name: HONGKONG HONCH INTERNATIONAL LIMITED | Support Currency: AUD CAD CHF CNH DKK EUR GBP HKD JPY NOK NZD SEK SGD USD ZAR | Bank Name: JPMorgan Chase Bank N.A. Hong Kong Branch | Country: HONG KONG, CHINA | Bank Address: CHATER HOUSE, 8 CONNAUGHT ROAD, CENTRAL, HONG KONG | Account Type: Current | Swift/BIC: CHASHKHH (CHASHKHHXXX，If 11 characters are required) | Routing Number: 007863 | Bank Code: 007 | Branch Code:863				HONCKONG HONCH INTERNATIONAL LIMITED | 香港鴻啟國際有限公司	HK/GZ		仓库：香港九龍灣臨興街32號美羅中心I期6樓15室 | Unit 15, 6/F Metro Centre 1, No.32 Lam Hing Street, Kowloon Bay, Kowloon, HongKong	LSI Intel Mellanox Broadcom	IT DIST	Darian Leo-离职	Sales	darian@hkhonch.com	15322006351	停用汇丰银行Beneficiary Name:HONGKONG HONCH INTERNATIONAL LIMITED | Beneficiary Account Number：841-806714-838 | Receiving Bank Name：THE HONGKONG AND SHANGHALBANKINGCORPORATION LIMITED | Bank Location Country: Hong Kong | Bank address: 1 Queen's Road Central, HongKong | Account type: Current | Bank Swift Code/ BlC: HSBCHKHHHKH | Bank code: 004		外贸通	HC																									
107	202511					HONCKONG HONCH INTERNATIONAL LIMITED香港鴻啟國際有限公司	HK/GZ	www.hkhonch.com	UNIT D3 11/F LUK HOP INDUSTRIAL | BUILDING NO.8 LUK HOP STREET SAN PO KONG KL		IT DIST	Fancy 范思惠-离职	Product Manager	Fancyfan@hkhonch.com	13640315793,teams: 875045312@qq.com			外贸通	HC																									
108	202511			HONCKONG HONCH INTERNATIONAL LIMITED | Add:Unit 15, 6/F Metro Centre 1, No.32 Lam Hing Street, Kowloon Bay, Kowloon, HongKong | Contact person: Amy Ye | Phone no.: +86 15322324007 | Email: amy@hkhonch.com		HONCKONG HONCH INTERNATIONAL LIMITED香港鴻啟國際有限公司				合作：CPU/主板/HDD		Amy Ye	Sales	amy@hkhonch.com	15322324007	INQ都可以问																												
109	202511			HONCKONG HONCH INTERNATIONAL LIMITED | Add:Unit 15, 6/F Metro Centre 1, No.32 Lam Hing Street, Kowloon Bay, Kowloon, HongKong | Contact person: Rain Li | Phone no.: +86 14737311323 | Email: lidanhong@hkhonch.com	SHIP TO: | HONCKONG HONCH INTERNATIONAL LIMITED | 香港九龍灣臨興街32號美羅中心I期2樓6室 | Unit 6， 2/F Metro Centre I， no.32 Lam Hing Street, Kowloon Bay,Kowloon | Mr Tse：+852-8402 6902	HONCKONG HONCH INTERNATIONAL LIMITED香港鴻啟國際有限公司				合作：CPU		Rain Li李丹红-CPU	Buyer	lidanhong@hkhonch.com	14737311323	CPU offer都可以推																												
110	202511					HONCKONG HONCH INTERNATIONAL LIMITED香港鴻广州云嘉科技					IT DIST	刘小姐-HDD	Buyer	liping@hkhonch.com	17806614119	HDD offer都可以推																												
111	202511											吴美欣																																
112	202511											邱美玉	CEO			老板-荣科直接对接																												
113	202511					HONCKONG HONCH INTERNATIONAL LIMITED香港鴻啟國際有限公司					IT DIST	Yan	Sales Manager	yan@hkhonch.com	15217310621	CPU和HDD和MELLANOX																												
114	202511					HONCKONG HONCH INTERNATIONAL LIMITED香港鴻啟國際有限公司			广东省广州市黄埔区中新广州知识城亿创街1号		IT DIST	Stella	Finance	stella@hkhonch.com	19924241979																													
115	202511					HONCKONG HONCH INTERNATIONAL LIMITED香港鴻啟國際有限公司						Alice Yeung		alice@hkhonch.com	153-2200-5962			推荐																										
116	202511					HONCKONG HONCH INTERNATIONAL LIMITED香港鴻啟國際有限公司						Jamel Shelby	Buyer		17827682313																													
117	202511					HONCKONG HONCH INTERNATIONAL LIMITED香港鴻啟國際有限公司						Anna Jelena		anna@hkhonch.com	19924241979																													
118	202511					HONCKONG HONCH INTERNATIONAL LIMITED香港鴻啟國際有限公司	HK/GZ	www.hkhonch.com	香港九龍灣臨興街32號美羅中心1期6樓15室 | Unit 15, 6/F Metro Centre 1, No.32 Lam Hing Street, Kowloon Bay, Kowloon, HongKong | 联系人Contact: 谢伟聪/Weicong Tse | 联系电话TEL: +852-8402 6902 | Opening Time: Monday to Friday 9:00 am-12:00 am, 1:30 pm-6:00 pm | 如遇紧急事宜，请电话联系: Darian，+86-15322006351		IT DIST	Yuyi	Product Manager	yuyi@hkhonch.com				外贸通	HC																									
119	202512	代收款公司：HONGKONG CHANGHONG CO.,LIMITED公司地址：RM 13 2/F UNIT A1 PHASE 1 KAISER ESTATE NO 41 MAN YUE STREET HUNG HOM,KLN, HKSAR 02 - By Surface Mail①银行名称；The Bank of East Asia,Limited 东亚银行有限公司银行地址: 10 Des Voeux Road Central,Hong Kong 香港中环德辅道中10号银行账号：015-529-68-033200（USD）银行代码：BEASHKHH			快递用：九龍灣 臨興街19號同力工業中心b座6楼01室 | 电话51291343 莫燕平	广州宇强电脑科技有限公司/香港誠譽科技股份有限公司 | HK CHENGYU TECHNOLOGY LIMITED	HK/GZ		九龍灣 臨興街19號同力工業中心b座6楼01室 | 电话34254362 香港卓志實業有限公司	合作：intel/amd服务器CPU	IT DIST	陈朝阳	Director	1815707606@qq.com	13570344714	intel/amd服务器CPU都可以问		展会																										
120	202512					广州宇强电脑科技有限公司	HK/GZ		广州天河区石牌西路8号展望数码广场1810-1811室 | ROOM S032, 2/F THE CAPITAL 61-65 CHATHAM ROAD SOUTH TSIM SHA TSUI HK		IT DIST	陈楚斌		1359189989@qq.com		作废不用（手续费，入账慢）账户名称：HK CHENGYU TECHNOLOGY LIMITED账号：009846210156839开户行: CHINA CONSTRUCTION BANK (ASIA) CORPORATION LIMITED 开户行地址: 20/F, CCB Centre, 18 Wang Chiu Road, Kowloon Bay, Kowloon, Hong KongSwift Code: CCBQHKAX (如要求 11 位，则为 CCBQHKAXXXX)银行编号：009																												
121	202512					广州宇强电脑科技有限公司	HK/GZ				IT DIST	陈钟凯																																
122	202512					广州宇强电脑科技有限公司	HK/GZ				IT DIST	钟国豪																																
123	202513			ABABEEL MEMORY TRADING COMPANY | Add: ROOM 27, 2/FLOOR, WAI MAN HOUSE, OI MAN ESTATE, 60 CHUNG HAU STREET, HO MAN TIN, KOWLOON. HONG KONG. | Contact: May Zhong | Email: 15659839439@163.com | TEL: +86 156 598 394 39		Ababeel Memory Trading Company		http://www. ababeelmemory.com 	长沙湾集辉街耀辉大厦19楼A室 | 27. 2 Floor, Wiai Man House. | 60 Chung Hau street | Ho Man Tin, Kowlon. Hong Kong	Intel, Samsung, Crucial, Micron, | CPU/Memory, SSD	IT DIST	Talat达理	Director	talat@ababeelmemory.com	teams: talat76@hotmail.com | TEL:. +852 3542 1469 | Mobile:. +852 6139 0928 | WeChat/WhatsApp:. +852 61390928	用他抬头做2张订单，客户syno,供应商honch | 老东家AUTO DRAM TECHNOLOGY LTD																												
124	202514					新欣科技有限公司THRIVE TECHNOLOGYCO.,LIMITED | 			深圳市龙华区民治街道优城北区A座1205号	合作：Toshiba, Seagate, WD	IT DIST	李源青	Sales	16870462@qq.com	15889618981	HDD inq/offer都可以发																												
125	202514			Thrive Technology Co., Limited | Add: FLAT/RM A111/FWINNER BUILDING36 MAN YUE STREET HUNG HOMKL | Contact: Mr. Lu | Email: 2922769077@qq.com | TEL: +86 13510248535	（入仓号：）佳达有不同仓库 | 佳达电子（香港）有限公司KAI TAK ELECTRONICS (HK) LTD | Add: 觀塘興業街20號聯合興業大廈11樓A 1 室 | Contact: 徐先生（徐同庆） | Tel: (852) 3971 0221 | 	新欣科技有限公司THRIVE TECHNOLOGYCO.,LIMITED | 	SZ	缺	深圳市龙华区民治街道优城北区A座1205号	合作：Toshiba, Seagate, WD	IT DIST	Steven陆剑	CEO	2922769077@qq.com	13510248535	HDD inq/offer都可以发		推荐	TR																									
126	202514					新欣科技有限公司THRIVE TECHNOLOGYCO.,LIMITED | 			香港九龍紅磡民裕街36號榮業大廈11樓A室	samsung ssd		张晋	Product Manager	shioshin@qq.com																														
127	202514					新欣科技有限公司THRIVE TECHNOLOGYCO.,LIMITED | 						鱼儿-老板娘财务				老板娘，财务																												
128	202514					新欣科技有限公司THRIVE TECHNOLOGYCO.,LIMITED | 						娟-商务				管后勤报关																												
130	202515	Account Title: Star Seed Technologies ME FZE  | Account Number:1025721852602 (USD)  | IBAN: AE560260001025721852602 | Account Currency: USD | Beneficiary Bank: Emirates NBD | Branch Name & Address : Satwa Branch, Dubai, UAE | Country: United Arab Emirates | SWIFT: EBILAEADXXX				Star Seed Technologies ME FZE			Warehouse No. RA08DA07 jebel Ali Free Zone Dubai United Arab Emirates	合作：HDD, GPU		Hasan Musheer	Sales	hasan.micron@simalme.com	971508487861/589608220 | live:.cid.342bf9142fbba87b (Skype) | wechat	inq: HDD GPU多发																												
131	202515					Starseed Technologies Pte Ltd	SG，dubai, india, indonesia, turkey	www.starseed.com.sg	10 Ubi Crescent, LOBBY D#04-62/63,Ubi Techpark, | Singapore 408564			Nurul'ain Omar	Sales	nurul@starseed.com.sg	65 97523339																													
132	202515			STAR SEED TECHNOLOGIES ME FZE | Add: Warehouse No.RA08DA07jebel Ali FreeZone Dubai United Arab Emirates | Contact: Hasan Micron | Email: Hasan.micron@simalme.com | TEL: +971 4 3930507	Star Seed Technologies ME FZE  | Add: RA08DA07, Jabel Ali Free Zone, UAE | Contact: Hasan Musheer | TEL: +971 508487861	Simal Technologies Middle East LLC / Starseed technologies Dubai Me Fze	UAE	https://www.simalme.com/	Office: No: 201, Dar Al Riffa Building, Khalid Bin Al Waleed Rd, Bur Dubai, PO Box: 49740, Dubai, UAE |  | Warehouse: | No: RA08DA07, Jabel Ali Free Zone, UAE Phone: ‪+971 4 325 1430 |  | Store: | Stellent Technologies ME FZE | Bur Dubai UAE	GPU, Memory, ssd, hdd | samsung, micron, crucial, WD, Seagate, Toshiba	IT AD/franchise	Hasan Musheer	Sales	hasan.micron@simalme.com	971508487861/589608220 | live:.cid.342bf9142fbba87b (Skype) | wechat	服务UAE本地客户 | 贸易参考提供UNION CAMERA， ETECH TECHNOLOGY， zitter, NX, TOP GREAT																												
133	202515					Smart technology						Rabiya Bi	CEO	rabiya@simalme.com																														
134						Smart technology						Jasim Uddin	Finance	jasim@simalme.com																														
135						Smart technology						Muhammad Jaseem																																
136						Smart technology						Ayub Zaidi																																
137						Smart technology						Japs Almasol																																
138	202515					Twinmos						Abdul Noushee	Sales Manager																															
139	202515					TwinMOS Technologies | https://www.twinmos.com/	memory modules， SSD	TW						sales@twinmos.com																														
140	202515					TwinMOS Technologies Middle East FZE		Dubai, UAE				Mohd Mazhar		mohd.mazhar@twinmos.com	97142996421																													
141	202515					TwinMOS Technologies Middle East FZE						Robiul Islam			971 55 167 4800																													
142	202531	Account Name：ASTREON COMPUTERS L.L.C | Account Number/IBAN：AE310400000373646452002 | Swift Code：NRAKAEAK | Bank Name：RAKBANK | Bank Address：Al Qusais Dubai		ASTREON COMPUTERS L.L.C | Contact: Hasan Musheer | Phone: 971 509025451 | Email: info@astreoncomputers.com		ASTREON COMPUTERS L.L.C		https://astreoncomputers.com	Arenco Properties LLC, Mankhool, BurDubai, Dubai, Dubai	Crucial,WD,Samsung,Toshiba	IT Partner	Hasan Musheer			971 509025451(优先） | 971589608220																													
143	202531					ASTREON COMPUTERS L.L.C		https://astreoncomputers.com	Arenco Properties LLC, Mankhool, BurDubai, Dubai, Dubai	Crucial,WD,Samsung,Toshiba	IT Partner	Mr. Jamsheed		info@astreoncomputers.com	971509025451																													
145	202516	Company Name: E2K Semiconductor Pte Ltd  | Account Number: 0721255227  | Beneficiary’s Bank: DBS Bank Ltd Singapore  | SWIFT Code: DBSSSGSGXXX  | Bank Address: 12 Marina Boulevard, DBS Asia Central, Marina Bay Financial Centre, Tower 3, Singapore 018982				E2K Semiconductor Pte Ltd		http://www.e2ksemi.com/en	7 Temasek Boulevard Suntec Tower 1 | #06-03B Singapore 038987	Samsung, Seagate, WD, Toshiba, Micron, SK | server rdimm/ent.sdd and branded ssd (evo), NIC (cx5/6/7)		Eugene Sim Han Thong	CEO	hts@e2ksemi.com | es@bossion-intl.com	65 91710076	JWY老板（弟弟）投资的公司，24年12月才成立 | 10-16 sk FAE | 16-23 Samsung AM																												
146	202516	Company Name: E2K Semiconductor Pte Ltd | Account Number: 072-125522-7 | Beneficiary’s Bank: DBS Bank Ltd Singapore | SWIFT Code: DBSSSGSGXXX | Bank Address: 12 Marina Boulevard, DBS Asia Central, Marina Bay Financial Centre Tower 3, Singapore 018982	BOSSION INTERNATIONAL/博盛國際 | 香港九龍灣啟祥道22號開達大廈3樓A室 | Address: RM A 3/F, Kader Building, 22Kai Cheung Rd, Kowloon Bay, HK | Contact: Miki | Tel: 852-26025688 |  | Please provide 提货人信息Driver info.:  | Driver name :  | Driver ID :  | Driver’s mobile# :  | License plate# :		Ship-to Address: - | E2K Semiconductor Pte Ltd | C/O AGX Logistics (S) Pte Ltd | 1 Gul Circle, JTC Logistics Hub, #03-04 | Singapore 629637 | Contact Person: Ms. Huda | Contact No.: +65 81177042	BOSSION INTERNATIONAL PTE. LTD.			7 Temasek Boulevard, Suntec Tower 1, #06-03B Singapore 038987		合作：HDD/三星	Stephen Teng丁礼品-其它产品（东芝，三星企业级产品）	Sales Manager	stephen.teng@e2ksemi.com | stephen.teng@bossion-intl.com	65 90231286	优质的询价订单机会再去inq/offer																												
147				BOSSION INTERNATIONAL PTE. LTD. | Add: 7 Temasek Boulevard, Suntec Tower 1, #06-03B Singapore 038987 | Contact person: Ivy Yee | Phone no.: +6589725580 | Email: ivy.yee@bossion-intl.com	BOSSION INTERNATIONAL PTE. LTD. | Add: 香港九龍灣祥道22号開達大厦3楼A室RMA3/F,KaderBuilding,22Kai CheungRd,KowloonBay,HK | Attn: Miki | Tel.: 852-26025688							Ivy Yee-商务Customer Service-back office-做单给我，仓库联系，出入品	Buyer	ivy.yee@bossion-intl.com | wm@e2ksemi.com																														
148	202516					E2K Semiconductor Pte Ltd						Ashley Goh-Samsung 消费类SSD	Sales	ashley.goh@e2ksemi.com | qw@bossion-intl.com	65 9738 3554	一般的也可以inq/offer																												
149				E2K Semiconductor Pte Ltd | ADD: 7 Temasek Boulevard, Suntec Tower 1 #06-03B Singapore 038987 | TEL: 65 96989589 | ATTN: Cordelia Chee								Cordelia Chee-商务	Buyer	cordelia.chee@e2ksemi.com	65 96989589																													
150	202516					E2K Semiconductor Pte Ltd						Jade Lee		jade.lee@bossion-intl.com | sy@e2ksemi.com																														
151	202516					BOSSION INTERNATIONAL PTE. LTD.			BOSSION INTERNATIONAL-Hong Kong HeadquarterUnit A, 3/F, Kader Building, 22 Kai Cheung Rd, Kowloon Bay, Hong Kong | Tel:+852 2602 5688 | BOSSION INTERNATIONAL-Shenzhen Office31/F,Block 11-A, Shenzhen Bay ECO-Technology Park, Nanshan District, Shenzhen, PR.China | BOSSION INTERNATIONAL PTE. LTD.-Singapore Office7 Temasek Boulevard, Suntec Tower 1, #06-03B Singapore 038987 | BOSSION INTERNATIONAL-Seoul Office			Liu Wenze-GPU CPU	Sales Manager	wenze@bossion-intl.com	65 8722 4940	Bossion后续对接终端;E2K对接贸易商																												
152	202516					BOSSION INTERNATIONAL PTE. LTD.博盛国际	SG	http://www.bossion-intl.com	Unit A, 3/F, Kader Building, 22 Kai Cheung Rd, Kowloon Bay, Hong Kong | 31/F, Block 11-A, Shenzhen Bay ECO-Technology Park, Nanshan District, Shenzhen, P.R.China | 7 Temasek Boulevard, Suntec Tower 1,#06-03B Singapore 038987		IT DIST	沈汉通Eugene Sim	Sales Manager	es@bossion-intl.com	65 9171 0076	领英人脉，多链接																												
153	202516					BOSSION INTERNATIONAL PTE. LTD.博盛国际						DAHEE JEONG	Buyer																															
154	202516					BOSSION INTERNATIONAL PTE. LTD.博盛国际						WZ Liu	Sales																															
155	202516					BOSSION INTERNATIONAL PTE. LTD.博盛国际						埃米莉 (Emily)																																
156	202516					BOSSION INTERNATIONAL PTE. LTD.博盛国际						赵婉	Sales																															
157	202516					BOSSION INTERNATIONAL PTE. LTD.博盛国际						Cathy Deng	Sales																															
158	202517	大新银行： | Bank Name:DAH SING BANK,LIMITED | Account Number:774-39087426 | SWIFT Code:DSBAHKHHXXX | Bank Code:040 | Bank Add:Shop No.G7,G7A&G8,G/F.,Dah Sing Financial Centre,248 Queen's East,Wan Chai,HongKong | 中国银行(香港): | Bank Name:BANK OF CHINA(HONG KONG)LIMITED,HONG KONG | Account Number:012-916-2-033719-3(USD) | SWIFT Code:BKCHHKHHXXX | Bank Code:012 | Bank Add:BANK OF CHINA TOWER,1 GARDEN ROAD,CENTRAL,HONGKONG	EXPERT FAIR LTD 信杰有限公司 | ADD：UNIT A, 12/F, GEE WING CHANG IND CTR, 6 FUNG YIP STREET, CHAI WAN, HK/香港柴灣豐業街6號志榮昌工業大廈12樓A室 | William : 852-25743494 | 送货带packing, 入仓号BF001	香港彼富國際有限公司 | BRIMFUL INTERNATIONAL LIMITED | 黄妹sophy | sophy.huang@bifu-tech.com | 13632781996		香港彼富國際有限公司 | BRIMFUL INTERNATIONAL LIMITED		www.bifu-tech.com	深圳市宝安区西乡悦和路中央大道C座11楼B-C室	合作：三星颗粒 | DDR/eMMC/Flash/LPDDR/eMCP/UFS/SSD | Samsung, SK, Cypress, Kioxia, Biwin, Sandisk, Winbond, Micron, NANYA	IT DIST	黄妹sophy	Buy & Sell	sophy.huang@bifu-tech.com	13632781996	问颗粒																												
159	202518	东亚已录入BANK: BMO BANK | 3931 S. Bristol Street, Santa Ana, CA 92704 | PHONE: (714) 540-4660 | Acct. Number: 026711176 | Routing Number: 071025661 | Swift Code: HATRUS44 | Beneficiary: S2 Components Inc. | 4115 Guardian Street, Simi Valley, CA 93063	Elements Industries | Flat C 15/F Block 1, Leader Industrial Ce | 188-202 Texaco Road Tsuen Wan N.T Hong Ko | Contact: SAM 852 92277213			S2 Components Inc.	USA	www.s2components.com	4115 Guardian Street, Simi Valley, CA 93063	合作：三星颗粒		Selma Selmanagić | 805.584.3200 ext. 118	CEO	selma@s2components.com	1 (714) 813-2692	问颗粒																												
161	202519	东亚已录入Bank Account Details | Bank | EMIRATES ISLAMIC BANK | Swift Code | MEBLAEAD | Account Name | SHIELD SOLUTIONS DWC LLC | IBAN | AE220340003708285717202 (USD)	Ann Wong | East Synergy Business Service Co | Rm 07,9/F,Century Center,44-46 Hung To Road,Kwun Tong KLN HK | Tel: 852-35719931 Fax: 852-35719932  | E-mail: ann.wong@eastsynergy.com.hk			Shield Solutions DWC-LLC	UAE	https://shieldsolutions-dwc.com/	Dubai South A2 Building 3rd Floor Office # 34 - UAE	合作：东芝HDD	IT AD/franchise	Mohan Durairaj	Sales	mohan_durairaj@shieldsolutions-dwc.com	971 55 510 3998	推offer		原厂官网PN																										
162	202519					Shield Solutions DWC-LLC						Christian Assaf	CEO	christian.assaf@shieldsolutions-dwc.com	971569206863	推offer																												
163	202519					Shield Solutions DWC-LLC						Maria Corazon	Sales	admin@shieldsolutions-dwc.com		Admin Assistant																												
164	202520		仓库名称： | 正能量物流香港有限公司 (BOM.AI LOGISTICS HONG KONG LIMITED) | 中文地址： | 香港九龙观塘大业街35号福和工业大厦6楼A2室 （走B座电梯） | 英文地址： | A2,6/F,Fortune Industrial Building,35 Tai Yip Street, Kwun Tong, Kowloon, Hong Kong | 联系人： | 赵丽云(Zhao Liyun) | 联系电话： | 852-35292686 | 传真号码： | 852-35292687 | 工作时间： | 周一至周五：上午9:00-12:30 下午1:30-6:00 周六：上午9:00-12:30 （香港公众假期除外） | 入仓号：A13910199		為確保貴公司貨物交收順利，請從即日起配合以下事項： |  | 1. 於每交貨單據右上角寫上"入倉單號" |  | 2. 必須提供清晰準確的蓋章或授權簽署的正式發票(INVOICE)及裝箱單(PACKINGLIST)，一式兩份; |  | 3. 香港境外送達我司的貨物，必須提供空運提單、船運提單或陸路載貨清單(含CCRN)文件，一式兩份： |  | 4. 裝箱單(PACKING LIST)内容必須詳細列明資料(箱號/型號/數量/淨重/毛重/原產地/品牌/總數量及總箱數） |  | 5. 貨物外包裝必須含正規標籤(不能為手寫標籤)，清楚顯示每箱貨物資料(包括型號、數量、原產地及品牌） |  | 6. 貨物外箱必須穩固(即電子元器件無外露情況），不得有任何損毀、沾濕、沾污及任何異常情況； |  | 7. 貨物達三卡板(標準板80cmX120cm)或以上，送貨前必需致電我司預約，預約電話：852-96025831 赵小姐 |  | 8. 10件貨物以上需要打板，不接受實木卡板，卡板需為塑膠卡板、復合卡板或紙卡板。	CREDIT FIRST HK LIMITED深圳钰麟			ROOM S239,2/F THE CAPITAL61-65 CHATHAM ROAD SOUTH TSIM SHA TSUI | HK	合作：三星颗粒		刘亚鑫Michael	CEO	market@icstorage.com.cn	13316936930	刘基本买老DC便宜货做库存																												
165	202520		香港有3个仓库，一般用正能量的报关进来			CREDIT FIRST HK LIMITED深圳钰麟			ROOM S239,2/F THE CAPITAL61-65 CHATHAM ROAD SOUTH TSIM SHA TSUI | HK			小赖女士	Sales																															
166						CREDIT FIRST HK LIMITED深圳钰麟																																						
167	202521		RACER LOGISTICS LTD (HK) | Add: FLAT A-C, 4/F, SOUTHEAST INDUSTRIAL BUILDING,  | 611-619 CASTLE PEAK ROAD. TSUEN WAN , NT | Contact: Chi | TEL: +852-25712125 / 852-25712151		发货给PL和invoice（不要写CI) | SF到付	LOUIS YEN SINGAPORE PTE. LTD,	SG		60 KAKI BUKIT PLACE, #04-01 EUNOS TECHPARK, SINGAPORE 415979	连接器		William Ho	Sales	william.ho@louisyen.com	65-9617-9515	暂不对接，目前他们家IC代理商																												
168	202521					LOUIS YEN SINGAPORE PTE. LTD,	SG						Sales	sundy.low@louisyen.com																														
169	202521					LOUIS YEN SINGAPORE PTE. LTD,	SG						Sales	peichan.wu@louisyen.com																														
170	202521					LOUIS YEN SINGAPORE PTE. LTD,						周耀楣	CEO																															
171	202521					LOUIS YEN SINGAPORE PTE. LTD,	SG						Sales	no-reply@louisyen.com																														
172	202521					LOUIS YEN SINGAPORE PTE. LTD,						jennifer		jennifer.ang@louisyen.com	TEL: 65-6333-9155 ext 154 / FAX: 65-6333-4977 | SKYPE: jennifer.ang@louisyen.com | Wechat: Jenniferang1603 | QQ: 2257331968																													
173	202521					BS MICROELECTRONICS(S)PTE. | (100%) owned subsidiary of LOUlS	SG		60 Kaki Bukit Place, #04-09 EunosTechpark, Singapore 415979	ST分销商		YEN TZU PE!	CEO																															
174	202522	东亚已录入Westpac Banking Corporation  | Branch: Cronulla  | Bank address: 94-96 Cronulla St, Cronulla NSW 2230  | Account Name: Dicker Data Ltd  | Could you please use your Customer Number (Account No) as the Reference on the payments so we can easily  | identify the payment and ensure correct allocations?  | Accounts Receivable email address: - accounts@dickerdata.com.au  | Thanks, and regards  | Greg Maher  | National Credit Manager  | BSB: 034-702  | Account #: 026382  | SWIFT CODE: WPACAU2S			我司client code# 454635	DICKER DATA LIMITED	Australia	https://www.dickerdata.com.au/	230 CAPTAIN COOK DRIVE KURNELL, NSW 2231 AUSTRALIA | Australia, new Zealand, guangzhou, Singapore and Philippines	GPU, SSD, MEMORY, HDD	IT AD/franchise	61295898400		Supermicro.Presales@dickerdata.com.au				超微原厂官网																										
175	202522					DICKER DATA LIMITED	Australia	https://www.dickerdata.com.au/	广州	合作：Seagate crucial	IT AD/franchise	Julie Chu-all brands and orders	Sales Manager	Julie.Chu@dickerdata.com.au	158 1455 3031	拓展下ADATA Samsung		超微原厂官网	250910建档完成																									
176	202522					DICKER DATA LIMITED	Australia	https://www.dickerdata.com.au/	230 CAPTAIN COOK DRIVE KURNELL, NSW 2231 AUSTRALIA	NV, Samsung, Seagate, Crucial, Micron | 消费类产品居多	IT AD/franchise	Luke Trinh	Director	Luke.Trinh@dickerdata.com.au	P: +61 2 9589 8444 | M: +61 414 346 133			超微原厂官网	Crucial, seagate, Samsung pc类比较多																									
177	202522					DICKER DATA LIMITED	Australia	https://www.dickerdata.com.au/			IT AD/franchise	Felix Iskandar-Seagate PM	Product Manager	Felix.Iskandar@dickerdata.com.au					PO cc																									
178	202522					DICKER DATA LIMITED	Australia	https://www.dickerdata.com.au/			IT AD/franchise	Bianca Chen-Samsung PM	Product Manager	Bianca.Chen@dickerdata.com.au																														
179	202522					DICKER DATA LIMITED	Australia	https://www.dickerdata.com.au/			IT AD/franchise	Jocelyn Li-back up of Julie	Sales Manager	Jocelyn.Li@dickerdata.com.au					PO cc																									
180	202522					DICKER DATA LIMITED	Australia	https://www.dickerdata.com.au/			IT AD/franchise	York Li-Crucial PM	Product Manager	York.Li@dickerdata.com.au																														
181	202522					DICKER DATA LIMITED	Australia	https://www.dickerdata.com.au/			IT AD/franchise	1800 688 586	Sales	micron.sales@dickerdata.com.au																														
182						DICKER DATA LIMITED	Australia	https://www.dickerdata.com.au/				RMA		return.authorities@dickerdata.com.au	Original PO/INVOICE# | Serial Number | Fault Description																													
183	202522					DICKER DATA LIMITED	Australia	https://www.dickerdata.com.au/			IT AD/franchise	Tuan Dang		Tuan.Dang@dickerdata.com.au																														
184	202523	东亚已录入Bank Name:HSBC Hong Kong | Bank Accont Name：QUIKSOL INTERNATIONAL HK PTE LIMITED | Bank Account No.:400604591838 | Swift Code:HSBCHKHHHKH				Quiksol International HK PTE Limited | 铭冠国际香港有限公司		https://www.quiksol.com/	苏州·深圳·北京·上海·成都·香港·台湾·新加坡印度·韩国·日本·法国·德国·荷兰·英国·美国	IC IT	IT DIST	Alan Yan燕青	CEO	alan.yan@quiksol.com.cn																														
185	202523					Quiksol International HK PTE Limited		https://www.quiksol.com/	UNIT 2211-2213 & 2215, 22/F., TOWER A, REGENT CENTRE, 63 WO YI HOP ROAD, KWAI CHUNG, NT, HONG KONG | 深圳市南山区科技园南区高新南七道1号粤美特大厦808室	合作：三星颗粒	IT DIST	Frances Xiong熊祎	Sales	frances.xiong@quiksol.com.cn	17324417667	2026年离职了		Grace 领英																										
186	202523					Quiksol International HK PTE Limited | 铭冠国际香港有限公司		https://www.quiksol.com/	苏州·深圳·北京·上海·成都·香港·台湾·新加坡印度·韩国·日本·法国·德国·荷兰·英国·美国	IC IT	IT DIST	Michelle Zhang-三星	Buyer	michelle.zhang@quiksol.com.cn	13927482592			Grace 领英																										
187	202523					Quiksol International HK PTE Limited		https://www.quiksol.com/	苏州工业园区苏州大道东398号太平金融大厦23层01A,02,03	IC IT	IT DIST	李然Lavinia-hdd/GPU IB卡	Buyer	Lavinia.li@quiksol.com.cn	18860900425			Grace 领英																										
188	202523					Quiksol International HK PTE Limited		https://www.quiksol.com/	UNIT 2211-2213 & 2215, 22/F., TOWER A, REGENT CENTRE, 63 WO YI HOP ROAD, KWAI CHUNG, NT, HONG KONG | 深圳市南山区科技园南区高新南七道1号粤美特大厦808室	IC IT	IT DIST	Sherry Yang杨婷-笔电CPU	Buyer	sherry.yang@quiksol.com.cn	1340423 6558			Grace 领英																										
189	202523					Quiksol International HK PTE Limited		https://www.quiksol.com/	UNIT 2211-2213 & 2215, 22/F., TOWER A, REGENT CENTRE, 63 WO YI HOP ROAD, KWAI CHUNG, NT, HONG KONG | 深圳市南山区科技园南区高新南七道1号粤美特大厦808室	IC IT	IT DIST	Sophia Li-LSI阵列卡HP配件	Buyer	sophia.li@quiksol.com.cn				Grace 领英																										
190	202524					上海岚曦实业有限公司		http://www.lanxish.net/			IT DIST	沈健		13671644091@139.com	17721488654（最常用） | 13671644091 | 19521383804 | Q2881910286																													
191	202525				PACIFIC SOLUTION HK | ROOM 602, 6/F, SUNRAY INDUSTRIAL CENTRE  | 610 CHA KWO LING ROAD, YAU TONG, KOWLOON | TEL : (852) 28157655 FAX (852) 28157667 | Frankie Mobile number : 9457 3095 | Candy Mobile number : 9756 5458	Computer Infotech (S) PTE Ltd						Nitin Parekh	VP	nitin@cominfo.com.sg		Components主要负责人																												
192	202525	Beneficiary: CI Gulf Distribution FZCO | Bank Name: Abu Dhabi Commercial Bank  | USD IBAN: AE130030010196919193001  | USD Account No.: 10196919193001  | Swift Code: ADCBAEAA			Bill to:   |  | CI GULF DISTRIBUTION FZCO | Workstation No. FZJOA12WS, | P.O.Box: 261632, Jebel Ali, JAFZA | Dubai, UAE |  | Ship to:   |  | CI GULF DISTRIBUTION FZCO C/o | APSL FZE | S204, PLOT NO S20406 JEBEL ALI FREE ZONE SOUTH. | Prathamesh | Mobile No. +971 524518255	CI Gulf Distribution FZCO	UAE		Workstation no. FZJOA12WS, Jebel Ali, JAFZA, Dubai, UAE	合作：CPU | bhavin负责：Kingston seagate wd crucial gigabyte asus and samsung ssds and enterprise	IT DIST	Bhavin Desai	Sales	bhavin@cigulf.com	WA:971 55 435 0410	做单抄送 finance@cigulf.com, nitin@cominfo.com.sg, gautam@cominfo.com.sg		朋友推荐																										
193	202525				CI GULF DISTRIBUTION FZCO |  | DHL account No. | 454577730 |  | Piece ID: JD014600012342145830 | Waybill Tracking Number | 5294314071	CI Gulf Distribution FZCO | Ci Gulf is a branch office of Computer Infotech PTE		www.cigulf.com	SG, HK, NL, UAE			Jignesh Shah-Gautam大哥	Director	jignesh@cominfo.in | ceo@cigulf.com	971558175982 | 971 9821391155			展会																										
194	202525					CI Gulf Distribution FZCO						Ashutosh Johari																																
195	202525	仅用于退款用Currency: HKD | Account holder name: COMPUTER INFOTECH S PTE LTD | Account number: 63207403445 | SWIFT/BIC: CHASHKHHXXX | Bank code: 007 | Branch code: 863 | Bank or institution name: JP Morgan Chase HONG KONG BRANCH | Bank or institution address: The Quayside, 18/F Tower 1,77 Hoi Bun Road, Kwun Tong,Hong Kong | Bank or institution region: HK				Computer Infotech (S) PTE Ltd				160 Paya Lebar Rd,#08-01 Orion@ Paya Lebar, SG, 409022		Gautam Shah	CEO	gautam@cominfo.com.sg	65 9780 9250																													
196														finance@cigulf.com																														
197	202526					北京海诚基业科技有限公司 | Beijing Haicheng Jiye Technology Co., Ltd	CN	www.hchdd.net	北京市海淀区中关村东路甲331号 | 怡升园商务楼1栋2层(100190)	希捷，西数，东芝代理	IT AD/franchise	甄亚鹏-老板侄子	Sales	zhenyp@hchdd.net	15321195372																													
198	202526					北京海诚基业科技有限公司 | Beijing Haicheng Jiye Technology Co., Ltd			北京市海淀区中关村东路甲331号 | 怡升园商务楼1栋2层(100190)		IT AD/franchise	杜晓锋	Sales	duxf@hchdd.net	13311404940																													
199	202526					北京海诚基业科技有限公司 | Beijing Haicheng Jiye Technology Co., Ltd				合作点：HDD	IT AD/franchise	甄海波	CEO	hcjy@hchdd.net	13366661080	拿出魄力去对接，得一手客户资源来匹配。内部利益绑定太深																												
200	202526	东亚已录入 | 收款名称:DAOSTORE INTENATIONAL LIMITED | 收款银行:BANK OF CHINA (HONGONG) LIMITED | 收款账号: 01280708018030(USD) | SWIFT CODE: BKCHHKHHXXX | 银行地址: BANK OF CHINA TOWER,1 GARDEN ROAD, HONGKONG		HONGKONG NETZONE TECHNOLOGY CO., LIMITED | ADD: UNIT NO.532B ON5/F STARHOUSE, NO.3 SALISBURY ROAD, KOWLOON, HONGKONG | ATTN: Frank Zeng  | Tel: 13760278281	DAOSTORE INTENATIONAL LIMITED | Add: 香港九龙湾启兴道2号太平洋贸易中心10楼1016一1018室 | Contact: Mr Fu | TEL: +852-97600611	DAOSTORE INTENATIONAL LIMITED | 道商国际有限公司	HK	www.gdnetzone.com	香港九龙湾启兴道2号太平洋贸易中心10楼1016-1018室		IT AD/franchise	符先生/张先生 | 00852-97600611/00852-31142311																																
201	202527		Bill To : HONGKONG NETZONE TECHNOLOGY CO., LIMITED | ADD: UNIT NO.532B ON5/F STARHOUSE, NO.3 SALISBURY ROAD, KOWLOON,HONGKONG | ATTN: Frank Zeng Tel: 13760278281 | Ship To: DAOSTORE INTENATIONAL LIMITED | ADD: 香港九龙湾启兴道2号太平洋贸易中心10楼1016一1018室 | ATTN: Mr Fu 00852-97600611			鑫昊翔/HONGKONG NETZONE TECHNOLOGY CO., LIMITED			深圳市龙岗区布吉街道布龙路18号赛格ECO中心5栋1207室	有产线，做NV Tesla，GPU服务器比较多	IT AD/franchise				13148986323																													
202	202527					HONGKONG NETZONE TECHNOLOGY CO., LIMITED	SZ			AMD 9754 20pcs	IT AD/franchise	Frank曾燕	CEO	yan.zeng@server520.com	13760278281																													
203	202527					HONGKONG NETZONE TECHNOLOGY CO., LIMITED				合作：CPU	IT AD/franchise	Lily Zhang张丽 | 0755-83763889	Buyer	lily.zhang@aiot-device.com	13510525658																													
204	202527					香港益達科技有限公司 | HONGKONG EXTRADE TECHNOLOGY CO., LIMITED			NO.532B No. 5/F STAR HOUSE UNIT NO.3 SALISBURY ROAD | TSIM SHA TSUI, KL		IT MFG+AD	Racheli | 0755-83763889	Sales	yang.min@aiot-device.com	15989507455	25年营收10亿美金																												
205	202527					香港益達科技有限公司 | HONGKONG EXTRADE TECHNOLOGY CO., LIMITED			NO.532B No. 5/F STAR HOUSE UNIT NO.3 SALISBURY ROAD | TSIM SHA TSUI, KL		IT MFG+AD	Sukie (Suhong) Deng	Sales																															
206	202527					SHENZHEN ZHIKONGWULIAN | 深圳智控物联科技有限公司	China	http://www.aiot-device.com/	ROOM 1206, BUILDING 5, SEC ECO CENTER, NO. 18, BULONG ROAD, BUJI STREET, LONGGANG DISTRICT,SHENZHEN, CHINA	server	Solution provider	曾燕	Director	yan.zeng@aiot-device.com	13760278281																													
207	202528	ccount Name : JOINT-HARVEST INTERNATION HOLDINGS LIMITED | Bank Name : CITIBANK N.A. HONG KONG | Bank Address : FLOOR 50, CHAMPION TOWER, 3 GARDEN ROAD | Country : HONG KONG | Bank Code : 006 | Swift Code : CITIHKHX | Account No : 1186016013	SHIP TO | 公司名稱：赞润国际控股有限公司 | Joint-harvest Internation Holdings Limited | JOINT-HARVEST INTERNATION HOLDINGS LIMITED | 香港地址：FLAT 1 2/F BLK B， HOPLITE IND CENTRE3-5， WANG TAI RD， KOWLOON BAY KLN | 地址：九龍灣宏泰道3-5號合力工業中心B座2樓201室 | Attn：王平 /KAT | Tel：96626900/ 97237477  | HK仓库fax: 3541 9619			JOINT-HARVEST INTERNATION HOLDINGS LIMITED	上海			合作：三星 | 除了晶圆，什么都做		侯爵Enzo.Hou	Sales	enzo.hou@joint-harvest.com	18013092188	三星、镁光、海力士的SSD RAM多问他们 | 好的offer也可以推																												
208	202528					上海赞禾英泰信息科技股份有限公司						蒋姚卉Norah-商务		jiangyaohui@joint-harvest.com																														
209	202528					上海赞禾英泰信息科技股份有限公司						孙群-外贸部老大	Sales Manager	sunqun@joint-harvest.com	021-61213593 , 13917690950																													
210	202529	名字 : HK STES TECHNOLOGY CO., LIMITED | LIMITEDA/C:52968013595 | 银行 : The Bank of East Asia, Limited Bank Code: 015 | SWIFT CODE : BEASHKHH | 银行地址:10 Des Voeux Road, Central,Hong Kong	香港新界葵芳葵定路 1-11 号，美適工业大厦 10 楼 A 室 | FACTORY UNIT A ON 10/F MAI SIK INDUSTRIAL BUILDING NOS. 1/11 KWAI TING ROAD KWAI | CHUNG NEW TERRITORIES | 联系人：伍裕欢 手机：00852-53486908 | 电话：00852-36282788 传真：00852-36282799			深圳市赛特恩电子有限公司 | HK STES TECHNOLOGY CO., LTD	HK/SZ	www.stesz.com	皇庭世茂裕玺-C栋11B广东省深圳市福田区梅林街道梅丽路与梅华路交汇处锦林新居东侧 | Flat O, 11/F., Blk 2, Goldfield Ind Bldg, 144-150 Tai Lin Pai Rd, Kwai Chung,N.T.	SAMSUNG SOLIDIGM NVDIA(MELLANOX) BROADCOM | 企业级SSD-三星SAMSUNG SOLIDIGM | 服务器内存-三星SAMSUNG 海力士SK HYNIX	IT DIST	Andy Liu刘宏燊	Sales Manager	andy@stesz.com	15986769802	硬盘ssd质保3年；内存质保一年.2026年2月离职		推荐	待建档																									
211	202529					深圳市赛特恩电子有限公司 | HK STES TECHNOLOGY CO., LTD	HK/SZ	www.stesz.com	Flat O, 1 1/F. , Blk 2, Goldfield Ind Bldg, 144-150 Tai Lin Pai Rd, Kwai Chung, N. T., HK	合作：买过三星，卖了HDD	IT DIST	Cindy王超（姐）-三星	CEO	cindy@stesz.com	13528803885 | QQ: 417679643	大代理出身		推荐	待建档																									
212	202529			HK STES TECHNOLOGY CO., LTD | Add: FLAT/RM A 10/F MAI SIK INDUSTRIAL BUILDING 1-11 KWAI TING ROADK, KWAI CHUNG, NT, HK | Contact: Grace Wang | Tel: 191 5490 0552 | Email: Grace@stesz.com		深圳市赛特恩电子有限公司 | HK STES TECHNOLOGY CO., LTD	HK/SZ	www.stesz.com		SAMSUNG SOLIDIGM NVDIA(MELLANOX) BROADCOM | 企业级SSD-三星SAMSUNG SOLIDIGM | 服务器内存-三星SAMSUNG 海力士SK HYNIX	IT DIST	Grace王英（妹妹）-HDD	Director																															
213	202529					深圳市赛特恩电子有限公司 | HK STES TECHNOLOGY CO., LTD	HK/SZ	www.stesz.com		SAMSUNG SOLIDIGM NVDIA(MELLANOX) BROADCOM | 企业级SSD-三星SAMSUNG SOLIDIGM | 服务器内存-三星SAMSUNG 海力士SK HYNIX	IT DIST	Angela王海君	Buyer	angela@stesz.com				推荐	待建档																									
214	202529					深圳市赛特恩电子有限公司 | HK STES TECHNOLOGY CO., LTD	HK/SZ	www.stesz.com		SAMSUNG SOLIDIGM NVDIA(MELLANOX) BROADCOM | 企业级SSD-三星SAMSUNG SOLIDIGM | 服务器内存-三星SAMSUNG 海力士SK HYNIX	IT DIST	Rita	Buyer	rita@stesz.com				推荐	待建档																									
215	202529					深圳市赛特恩电子有限公司 | HK STES TECHNOLOGY CO., LTD	HK/SZ	www.stesz.com		SAMSUNG SOLIDIGM NVDIA(MELLANOX) BROADCOM | 企业级SSD-三星SAMSUNG SOLIDIGM | 服务器内存-三星SAMSUNG 海力士SK HYNIX	IT DIST	曾秋棋																																
216	202529					深圳市赛特恩电子有限公司 | HK STES TECHNOLOGY CO., LTD	HK/SZ	www.stesz.com			IT DIST	钟环香	Sales																															
217	202529					深圳市赛特恩电子有限公司 | HK STES TECHNOLOGY CO., LTD	HK/SZ	www.stesz.com		SAMSUNG SOLIDIGM NVDIA(MELLANOX) BROADCOM | 企业级SSD-三星SAMSUNG SOLIDIGM | 服务器内存-三星SAMSUNG 海力士SK HYNIX	IT DIST	邓芸																																
219	202530	Bank name: ALRAJHI BANK | IBAN: SA148000056260801029965 | Country: SAUDI ARABIA	The solutions of virtual Reality EST for comm & IT, | Ghasaniya Mubaraz Hufuf | King Abdullah RD | Alhofuf 1234 36362 | 7248 7248 | Saudi Arabia | +966533712348			INFINIARC (Virtual Reality Solutions Inc.旗下)	Saudi Arabia	http://www.infiniarc.com		Intel, AMD, Samsung, Zotac, Kingston, Gigabyte | 自有品牌	SI-System integrator		Buyer	manish@infiniarc.com																														
220	202530		RH GLOBAL LOGISTICAL CO.,LTD | RH GLOBAL LIMITED | Add : 1306, Building B Guanghao Intl Center,Zhongmei Rd, Longhua Dist, Shenzhen, China | Tel: 0086-755-22380530 | Cell : 0086-13632806551 | E-mail: Lisa@rhglobalsz.com | Whatsapp & WeChat : 008613632806551 | SKYPE: lisa_8_23	VIRTUAL REALITY SOLUTIONS LLC | Add: 7248, Al Mazroua I District, 5613, al hofuf, KSA | Contact person: Dr. Omar Alamer | Phone no.: +966 50 390 0353 | Email: omar.alamer@infiniarc.com	要入仓号Factory E on 6/F of Block 4 of Golden Dragon Industrial Centre, | Nos.182-190 Tai Lin Pai Road, Kwai Chung, N.T. | 新界葵涌大連排道182-190號金龍工業中心第4座6樓E室 | Contact person: 廖先生 | Phone no.: +852-37052337 /54997935	INFINIARC (Virtual Reality Solutions Inc.旗下)	Saudi Arabia	http://www.infiniarc.com	Alhafuf, Saudi Arabia		SI-System integrator	Dr. Omar Alamer-chief product officer	VP	omar.alamer@infiniarc.com	966 50 390 0353																													
221	202530			INFINIARC | Add: khadijah bint khawailid,AL HAFUF, Ar Ruwaida Dist, Alahsa, Eastern province 36365, SA | Contact person: Mr. JAMES JOMADIAO | Phone no.: +966 558 241 799/971 50 7385 800 | Email: JAMES.J@INFINIARC.COM		VIRTUAL REALITY SOLUTIONS LLC				合作：全新CPU/主板	SI-System integrator	JAMES JOMADIAO	Product Manager	JAMES.J@INFINIARC.COM	966558241799 | 971 50 7385 800 (offer)	做单要抄送Omar和其它两位																												
222	202530					VIRTUAL REALITY SOLUTIONS LLC					SI-System integrator	MOHAMMED MESILHY	Finance	M.MESILHY@INFINIARC.COM	966 53 825 5758																													
223	202530					VIRTUAL REALITY SOLUTIONS LLC					SI-System integrator	Abdulaziz Adil Alhozab	Buyer																															
224	202530								7248 - King Abdullah Road. AL HOFUF 36362 Saudi Arabia		SI-System integrator	Meshal Altamimi-Ecommerce Coordinator		meshal@infiniarc.com	966 552532085	Zaintech项目抄送																												
225	202530										SI-System integrator			lokesh.sivakumar@infiniarc.com		Zaintech项目抄送																												
226	202530										SI-System integrator			ahmed.ragab@infiniarc.com		Zaintech项目抄送																												
227	202530										SI-System integrator	Mohammed Alamer	Product Manager	Mohammed.alamer@infiniarc.com	966 50 457 0507	新对接人																												
228	202530				Virtual Reality Solutions | Contact: Muath Alamer | Tel: 966 538099000 | Email: Muath.Alamer@infiniarc.com | Add: King Abdullah Rd, FHDF3494 HOFUF EP SAUDI ARABIA						SI-System integrator	Mohammed Olayabdullah-Ecommerce Coordinator	Product Manager	m.alobaydullah@infiniarc.com	966 54 836 8844	新对接人																												
229	202530					VIRTUAL REALITY SOLUTIONS LLC					SI-System integrator			cs@infiniarc.com	966538888468																													
230	202530					VIRTUAL REALITY SOLUTIONS LLC					SI-System integrator	james做单抄送		a.alhozab@infiniarc.com																														
231	202530					VIRTUAL REALITY SOLUTIONS LLC					SI-System integrator	james做单抄送		manish@infiniarc.com																														
232	202530					VIRTUAL REALITY SOLUTIONS LLC					SI-System integrator	MARK DELARNA	Finance	Mark@infiniarc.com	966 53 684 9664																													
233	202530					VIRTUAL REALITY SOLUTIONS LLC					SI-System integrator	OMAR NAJI		OMAR.N@INFINIARC.COM	966 56 916 1790																													
234	202530											Abdulaziz Alzarah-DHL下单人		abdulaziz.alzarah@infiniarc.com																														
237	202601	Bank Information: | Beneficiary:YANDE TECHNOLOGY (HONG KONG) LIMITED  | Bank Name:HSBC Hong Kong | Account No.: 004149747669838  | SWIFT Code:HSBCHKHHHKH | Bank Address: 1 Queen's Road Central, Hong Kong | Bank Code: 004 (for local payment)			SHIP TO:海贸云商(香港)信息科技有限公司Tradso (Hong Kong) Information Technology Company Limited | 收貨地址：香港新界大埔太和汀角路51A號太平工业中心第四座1101室 | UNIT 1101,BLK 4, TAI PING INDUSTRIAL CENTRE，51A TING KOK ROAD, TAI PO, NEW TERRITORIES. HONGKONG | 聯繫人：李嘉怡（MEIJI LEE）/林天赐 | 00852-31532348/31532349/63388017 | 仓库上班时间 周一到周五 上午9：00-12:00 下午13：30-17：45	广州华储电子科技有限公司	广州市天河区天河路518号地中海2001室			合作：hdd		谢溢韩	Sales	1595680461@qq.com	18127431836	hdd inq/offer																												
238	202601					广州华储电子科技有限公司						洪良渠（股东）	Sales Manager	513345779@qq.com																														
239	202601					广州华储电子科技有限公司						戴康其（股东）	Sales Manager	18613030533@163.com	18613030533																													
240						广州华储电子科技有限公司						梁子乐-拆机	Sales	563344931@qq.com																														
241						广州华储电子科技有限公司						May	Sales																															
242	202601					广州华储电子科技有限公司						Camellia-跟单	Sales																															
243	202601					YANDE TECHNOLOGY (HONG KONG) LIMITED			ROOM 602 6/F KAI YUE COMMERCIAL BUILDING NO.2C ARGYLE STREET MONGKOK KL			陈少香	Sales	31795712@qq.com																														
244	202602					上海珑京信息科技有限公司	上海/北京/深圳	www.longingtech.com.cn	E-3, 1st Floor, Building 2, No.88, Qin 'an Street,Xiaokunshan Town,Songjiang District, Shanghai		SI-System integrator	江俊平		jiangjunping@longjingtech.corm.cn	18827944656	25年营收2千万-5千万美金																												
245	202602					上海珑京信息科技有限公司	龙华东环二路65号中佳创意园A6栋708					梅源	Sales Manager	meiyuan@longjingtech.corm.cn	18121071270																													
246	202602					上海珑京信息科技有限公司			Room D102, No. 468 Huangzhong Road, Qibao Town, Minhang			唐海燕-仓库			13482525544																													
247	202602					上海珑京信息科技有限公司						戴九江			13764397906																													
248	202603	Bank Routing Number: 021000021 | SWIFT Code: CHASUS33 | General Bank Reference Address: JPMorgan Chase New York, NY 10017 | Account Number: 673279227 | Account Name: ITEXPRESS CORPORATION				Ma Labs/MOHAWK LABORATORIES DIV OF NCH CORPORATION	USA	https://www.malabs.com/contact-us/server	2075 N. Capital Avenue, San Jose, CA	合作：超微 | 三星，超微，海力士的代理CPU,HDD,MEMORY,SSD,VGA,LAPTON,NETWORK ETC | Supermicro, Seagate, Toshiba, Micron | 运费：主板15$-20$; CPU 是 $10, memory:$05-$1.	IT AD/franchise	Lucy Xiong	Sales Manager	lucy.xiong@malabs.com	teams | wechat | Skype:lucy.xiong1@newbiiz.com	问超微三星		超微原厂官网	建档已完成																									
249	202604			CPU POWER LIMITED | Add: WORKSHOP No.3A ON 10TH FLOOR, KAM HON INDUSTRIAL BUILDING, NO.8 WANG KWUN ROAD KOWLOON, HONG KONG | Contact person: 赵荷枝 | Phone no.: +86 18620957573 | Email: hale@cpupower.cn	刘聪 | 64078104 | 香港觀塘區九龍灣宏冠道8號金漢工業大廈10樓03A房					合作：CPU服务器		赵荷枝	Sales	hale@cpupower.cn	18620957573	CPU服务器/内存																												
250	202605-VST	Bank Name:HSBC Hong Kong | Bank Add: 1 Queen's Road Central, Hong Kong | SWIFTCODE: HSBCHKHHHKH | Account Name: Vast System Technology Limited | Account NO: 147-106454-838 | Bank Code: 004 (for local payment) | Company Add: ROOM H28G BLK EH 10TH FLOOR GOLDEN BEAR IND CTR 66-82 CHAI WAN KOK ST TSUENWANNT		VAST SYSTEM TECHNOLOGY LIMITED	ROOM H28G BLK EH 10TH FLOOR GOLDEN BEAR INDCTR 66-82 CHAI WAN KOK ST TSUEN WAN NT	VAST SYSTEM TECHNOLOGY LIMITED				合作：hdd		Reno	Sales Manager	rp@vastsystemhk.com	13632851291	inq/offer																												
251	202605-VST			VAST SYSTEM TECHNOLOGY LIMITED	ROOM H28G BLK EH 10TH FLOOR GOLDEN BEAR INDCTR 66-82 CHAI WAN KOK ST TSUEN WAN NT							Nier-跟单																																
252	202606	银行名称 : 交通银行香港分行 | Beneficiary BanK Name : BANK OF COMMUNICATIONS CO., LTD. HONG KONG  | BRANCH | 本地付款代码Beneficiary Bank code：027 |  | BANK ADDRESS: WHEELOCK HOUSE 20 PEDDER STREET, CENTRAL  | HONG KONG  |  | Beneficiary Account Name: LINKVIEW ENTERPRISES LIMITED | ADDRESS:：Unit 11, 15/F, Nam Fung Commercial Centre, | 19 Lam Lok Street, | Kowloon Bay, Kowloon, | Hong Kong. |  | 香港九龍九龍灣臨樂街19號南豐商業中心15樓1511室电话（TEL）：852-2758 8570 |  | Beneficiary Account Number帐号(A/C NO): 02753293274473 |  | SWIFT：COMMHKHHXXX			LINKVIEW ENTERPRISES LIMITED | Address:香港九龍灣臨樂街19號南豐商業中心1511室 | Contacts：Miss Pang  | Tel：（852）27588570  | Fax:(852)27589245	LINKVIEW ENTERPRISES LTD.  | 联耀企业有限公司 | 广州吉佑利商贸有限公司		http://www.linkview-cpu.com/	Room 1511, 15/F, Nam Fung Commercial Centre,19 Lam Wah St, Kowloon Bay,Hong Kong | 广东省广州市天河区珠江东路28号4707室	合作：INTEL/AMD,全系列服务器CPU	IT DIST	Jeffrey Liu	Sales	jeffreyhk182@163.com | jeffrey.liu@linkview-cpu.com	18588405845 | 13187234840	CPU服务器/内存																												
253	202606					LINKVIEW ENTERPRISES LTD.	GZ/HK	http://linkview-cpu.com/			IT DIST	Sisi Chen陈思思	Sales	sisi.chen@linkview-cpu.com	18620095562	刘浩是老板的侄子，老板在美国																												
254	202606					LINKVIEW ENTERPRISES LTD.	GZ/HK				IT DIST	Edison Liu	Sales	edison.liu@linkview-cpu.com																														
255	202606					Linkview Enterprises Limited		http://www.linkview-cpu.com/	Guangzhou(China), Beijing(China), and Saratoga California (United States)	CPU	IT DIST	Jack Peng	Sales																															
256	202607	FUSTAR INDUSTRIAL LIMITED | Bank of Communications (Hong Kong) Limited | G/F, 563 Nathan Road, Kowloon, Hong Kong | A/C: 382-533-1-007677-01 | swift: COMMHKHK  | 			公司中文名稱::香港明信睿科技有限公司 | 公司英文名稱: MEGSALES (HONGKONG) Co., LIMITED |  | 聯絡人:梁志偉 | 電話: 852-35902762 |  | 中文地址:香港新界沙田安睦街28號永得利中心4樓A室 | 英文地址:Flat/RM A, 4/F, Ever Gain Centre No. 28 On Muk ST, Shatin, N.T. HK	深圳福达瑞星科技有限公司			深圳市福田区振华路中电迪富大厦9楼901室	合作：三星ssd | ，希捷授权 | 消费类为主	IT AD/franchise	朱文静 Wendy Zhu | 0755-2360 6402 （小股东）	Sales Manager	wenjing.zhu@fudastar.com	13590480922																													
257	202607	Account Name: MEGSALES (HONGKONG) CO.， LIMITED | Bank:Bank of China (Hong Kong) L imited | Bank Number :012 | Bank Account (USD/EUR) :012-591-2-040855-1 | Swift Code:BKCHHKHHXXX | Bank Address:Bank of China Tower， 1 Garden Road, | Central，Hong Kong			通達國際發展有限公司 | TUNG-D INTERNATIONAL DEVELOPMENT LIMITED | 公司地址： 香港观塘区成業街27號日昇中心1樓104室Unit No104，1th Floor, Sunbeam Centre，27 Shing Yip Street. Kwun Tong | 收货组： 施明兴（Hing）、衞兆昌（Cheong） （852）—27507170 | 收货时间： 9:00—18:00 （周一至周五）、9:00—12:00 （周六） | 个人签收:收货人信息：衞兆昌（Cheong） Z672800(7) (852）—27507170	FUSTAR INDUSTRIAL LIMITED			FLAT 1001 10/FCARNIVAL COMMERCIAL BUILDING 18 JAVA RAOD NORTH POINT HK		IT AD/franchise	朱文静 Wendy Zhu | 0755-2360 6402		wenjing.zhu@fudastar.com	13590480922																													
258	202607	賬戶總覽 | 賬號:382533100767701HKDF名: FUSTAR INDUSTRIAL LTD			利物通發展（香港）有限公司  | 聯絡人: 李樂祺  | 電話: +852-35904380  | 倉庫中文地址: 香港新界沙田安睦街28號永得利中心4樓A室	FUSTAR INDUSTRIAL LIMITED			FLAT 1001 10/FCARNIVAL COMMERCIAL BUILDING 18 JAVA RAOD NORTH POINT HK		IT AD/franchise	周丽蓉	CEO		13691760060																													
259	202607					FUSTAR INDUSTRIAL LIMITED			FLAT 1001 10/FCARNIVAL COMMERCIAL BUILDING 18 JAVA RAOD NORTH POINT HK		IT AD/franchise	林敏	Finance	huimin.lin@fudastar.com																														
260	202607					FUSTAR INDUSTRIAL LIMITED			FLAT 1001 10/FCARNIVAL COMMERCIAL BUILDING 18 JAVA RAOD NORTH POINT HK		IT AD/franchise	昝蕾	RMA	zanlei@fudastar.com																														
261	202608					深圳市鑫浩科技有限公司		www.xinhtech.com	深圳市南山区粤海街道科技园社区科发路222号康泰集团大厦A栋716	合作：hdd		Lydia Liu	CEO	lydia@xinhtech.com	188 8399 1923	可以先不聊																												
262	202608-XHT	账户名称（Name of Account）： 香港鑫浩科技有限公司  | HK XINHAO TECHNOLOGY LIMITED  | 账户（美元户）: 01552968039311  | 银行名称（Bank Name）: The Bank of East Asia, Limited  | 银行代码（Bank Code）: 015  | 银行国际代码（SWIFT Bank）: BEASHKHH  | 银行地址(Bank Address): 10 Des Voeux Road, Central, Hong Kong  | 公司地址(Company Address): RM 14, 29/F, HO KING COMM CENTRE, 2-16 FA YUEN STREET, MONG  | KOK HONG KONG			智科供應鏈香港有限公司 |  | ZHIKE SUPPLY CHAIN HK LIMITED |  | 地址:香港新界沙田小瀝源安平街8號偉達中心11樓1108室 |  | Address:Unit 1108, Grandtech Centre, No.8 On Ping Street,Siu Lek Yuen, Shatin, N.T., H.K. |  | 联络人: 张小红（JOEY）/ 张梓曈 |  | 电话:00852-25928899 / 00852-98995257 | 有入仓号	香港鑫浩科技有限公司 | HK XINHAO TECHNOLOGY LIMITED	HK		RM 14,29/F, HO KING COMMCENTRE, 2-16 FA YUEN STREET, MONG KOK, HONG KONG	网卡，HDD，CPU	IT Stockiest	Cindy	Sales	cindy@xinhtech.com	18946497803	cpu/hdd/网卡，raide卡 inq/offer																												
263	202609			SANFAN TECHNOLOGY LIMITED | Address: UNIT 2, 22/F. AUSTIN PLAZA, 83 AUSTIN ROAD, TSIM SHA TSUI, KOWLOON, HONG KONG | Contact: 郝平 | Email: haop@hkchina.cc | TEL: +86 18601129513	香港新界沙田坳背湾街30-32号华耀工业中心11楼6号 | Contact : David | Tele: 852-63509865	SANFAN TECHNOLOGY LIMITED			UNIT 2, 22/F. AUSTIN PLAZA, 83 AUSTIN ROAD, TSIM SHA TSUI, KOWLOON, HONG KONG	合作：gpu pro6000	IT AD/franchise	郝平-GPU 整机 | 0755-86962486	Director	haop@hkchina.cc	18601129513	战略聊天																												
264	202609					SANFAN TECHNOLOGY LIMITED			深圳市福田区天安数码城天吉大厦AB座四层4B1		IT AD/franchise	王真-商务																																
265						SANFAN TECHNOLOGY LIMITED						张亚宏-CPU	Product Manager			问amd cp\u																												
266	202609					Shenzhen Huake Bochuang InfoTech Ltd		https://www.szhkbc.com	深圳市福田区天安数码城天吉大厦AB座四层4B1	Server, Hiah-performance computing, | Storage, Big data Server, Workstation, | Deep learning Servel		李占欢	Sales	lizhanhuan@hkchina.cc	13790319383	郝平推荐																												
267	202609					SANFAN | Shenzhen Kechuang Bangda electronics科创邦达 | SANFAN TECHNOLOGY LIMITED | HK Qianjin Electronic Industrial Limited | 华科博创和科创邦达 | ZTYD 大俄罗斯参展title	CN		深圳市福田区泰然八路深业泰然大厦B座601室	HDD, CPU, SSD		Charis Chen陈湖蝶	Sales	charis@serverhdd.cn	15016737374																													
268	202609					HK Qianjin Electronics Industrial Limited				HDD/SSD/CPU/Memory module/GPU	IT DIST	Glee Chen陈研		gleechen@serverhdd.cn	15576755893 | Gly_Chen_163_com																													
269	202609					Shenzhen Kechuang Bangda electronics科创邦达 | SANFAN TECHNOLOGY LIMITED | HK Qianjin Electronic Industrial Limited | 华科博创和科创邦达			深圳市福田区泰然八路深业泰然大厦B座601室	做服务器配件和整机的，深圳香港都有自己的仓库。主卖希捷HDD，AMD和INTEL的CPU，各品牌SSD内存网卡主板显卡都有做		袁泽铭Frank Yuan	Sales	frank@serverhdd.cn	13719518033																													
270	202609					Shenzhen Kechuang Bangda electronics科创邦达 | SANFAN TECHNOLOGY LIMITED | HK Qianjin Electronic Industrial Limited | 华科博创和科创邦达						张燕 | Ziva Zhang	Sales	zhangyan@serverhdd.cn	18274524141																													
271	202609					Shanghai Zhitong Yide Electronic Technology Co., Ltd									俄罗斯通信展的抬头																													
272	202610	Bank Name CHINA BOHAI BANK CO.,LTD.- SHANGHAI FTU BRANCH | Bank Address: 2F,Century Metropolis Tower2, No.1239 Century Avenue, Shanghai, China | Account Name: BROADSOURCE INTERNATIONAL TRADING LIMITED | Account Number: FTN2 0100 9200 0122 | SWIFT Code: CHBHCNBTFTU  | Bank Officer # 1 Name: Mr.WANG DING | Bank Telephone: +86-21-51827033 | Bank Email: 183917727@qq.com		ICWANT SCM CO., LIMITED | 支绍佳 | 137-7779-6914 | shaojiazhi@bodesitech.com | 浙江省杭州市余杭区阿里未科中心D9-401室	入仓号： | ICWANT SCM CO., LIMITED | RM C, 14TH FLOOR, BLOCK 2, KOON WAH MIRROR FACTORY (6TH) IND BUILDING, NOS. 7-9 HO TIN STREET, TUEN MUN HONG KONG/香港新界屯门河田街7-9号冠华镜厂六厂第二座14C | Contact: 林梓峰 （Jeff）  | Phone: 852 93194253	ICWANT SCM CO., LIMITED						支绍佳Leah-总助		shaojiazhi@bodesitech.com	137-7779-6914																													
273	202610					杭州博思芯宇			浙江省杭州市余杭区阿里未科中心D9-401室			妍希	Buyer	yanxichen@ice-field.com	18141222610																													
274									杭州市西湖区西溪路556号阿里中心3号楼7层713			李晨 Blake Lee	CEO																															
275	202611																																											
276	202611	退款账户（待录入系统） | BANK INFORMATION | COMPANY NAME：HONG KONG YICT ELECTRONICS LIMITED | Account number:582-666236-838(港币&美元) | Bank Name: The Hongkong and Shanghai Banking Corporation Limited (or HSBC HONG KONG) | Bank Address: No.1 Queen's Road Central Hong Kong | SWIFT Code: HSBCHKHHHKH | Local Bank Code :004		HONGKONG YICT ELECTRONICS LIMITED | ADD: UNIT 826, 8/F, OCEAN CENTRE, HARBOUR CITY, 5 CANTON ROAD, TST, KLN, HONG KONG | Vicky | 00852-57928295 | vickychin@yict.hk	ROOM 1518, 15/F, PACIFIC TRADE CENTER, NO.2 KAI HINGROAD,KOWLOON, HONG KONG | Guan Lihong 54079559 | Contact Person: Guan Li-hong | Mobile phone: 54079559 | 地址:香港九龍灣啟興道2號太平洋貿易中心15樓1518室 | 名字:香港远信电子有限公司 | 電話:23213332 | 聯繫人:管麗紅 | 手機:54079559 |  | 提货司机（4个人之中一个）： | 1. 黃兆明 身份证：P080168（6），车牌：TA230，电话：92078108 | 2. 韋社 身份证：K489362（A) ，車牌：NJ6366 ，電話:：92068365 | 3. 葉經偉，身份证：H430518 (5) ，車牌YE7336. 电话：92516738 | 4. 張紅衛 身份证：D548685 (9) ，車牌：TG9997，電話：55319590	HONGKONG YICT ELECTRONICS LIMITED | 香港远信电子有限公司			深圳市南山区西丽留仙大道鼎新大厦东座601C | 武汉市东湖高新区珞瑜东路8号慧谷时空大厦5楼 | 香港九龙湾启兴道2号太平洋贸易中心15楼1518室			Vicky Chin	Purchasing Manger	vickychin@yict.hk	852-57928295																													
277	202611											尹蕾Anne-商务（给水单）																																
278	202611											田圆淳-商务（下PO)																																
279	202611											熊杏			18627140082																													
280	202612			FINOVY CLOUD HK LIMITED | Add: RM D38, 12/F MAI GAR IND BLDG 146 WAI YIP ST KWUN TONG, KL | Contact person: Verena Wan | Phone no.: +86 18520471815 | Email: Verena.Wan@finovy.com	客户仓库1：Delivery address: 7/F, Kwun Kee Tailor Industrial Centre ,120 Wai Yip Street, Kwun Tong, HK/观塘偉業街120號觀奇洋服工業中心7楼 | contact person: Kin Chan / Jason Ma | contact number: 28078108 | 客户仓库2：倉庫地址：新界元朗流浮山廈村屏廈路 DD129 ， 3221 地段中外運倉庫 N9-N20 (ECOM warehouse) | Lot 3221 DD 129,Ping Ha Road, Ha Tsuen, Lau Fau Shan, Yuen Long, N.T.,HK | 聯絡電話： | 阿朗-5495 8228	FINOVY CLOUD HK LIMITED			RM D38, 12/F MAI GAR IND BLDG 146 WAI YIP ST KWUN TONG, KL	金融，秘书，整机，配件		Verena Wan温宇	Buyer	Verena.Wan@finovy.com	18520471815																													
281	202612					FINOVY CLOUD HK LIMITED						Cherin 胡楚茵	Buyer	Cherin.Wu@finovy.com																														
282	202612					FINOVY CLOUD HK LIMITED	Hong Kong · Singapore · Kuala Lumpur		RM D38, 12/F MAI GAR IND BUILDING, 146 WAI YIP ST, Kwun TongKowloon, HK			Yamy Chu	Buyer	Yamy.Chu@finovy.com	13560317140																													
283	202612					FINOVY CLOUD HK LIMITED						Ally	Buyer																															
284	202612					FINOVY CLOUD HK LIMITED						Kay Tsui	Sales Manager																															
285	202613			Tier One Distribution BV | Address: Bliek 12, 4941 SG, Raamsdonksveer, The Netherlands | Contact: Dmitrij Pliner | Email: dmitrij@t1distribution.nl | TEL: +49-1778555001		Tier One Distribution BV	NL		Bliek 12, 4941 SG, Raamsdonksveer, The Netherlands		IT MFG	Dmitrij Pliner	Sales	dmitrij@t1distribution.nl	49-1778555001																													
286						Tier One Distribution BV	Bliek 12, 4941 SG, Raamsdonksveer, The Netherlands					Lee Gordon	Buy & Sell	lee@t1distribution.nl	44-7796265333																													
287						Tier One Distribution BV								spain@t1distribution.nl																														
288						Tier One Distribution BV						31(0)162 581444	Buy & Sell	purchase@t1distribution.nl																														
289	202614			PROFUSE INNOVATION INTERNATIONAL CO., LTD | Add: Room 102, 1st Floor, Block A, Ying Yip Building, 1-15 Kwai Fung Street, Kwai Chung | Contact: KEN / 施信豪 | Email: ken.she@axisplus.com.tw | TEL: +13590480922	PROFUSE INNOVATION INTERNATIONAL CO., LTD(入仓号） | Add: 葵涌葵豐街1-15號盈業大廈A座1樓102室 | Contact person: Vicky Leung | Phone no.: + (852) 2620 9281 | Email: cs01@chinafreight.com.hk	PROFUSE INNOVATION INTERNATIONAL CO., LTD	TW				IT MFG																																	
290	202614											AVON-finance			886-2-2225-2588																													
291	202615	账户名： RONGLIAN TECHNOLOGY LIMITED | 公司地址：香港德辅道中161-167号香港贸易中心5楼(5/F，Hong Kong Trade Centre, 161-167 Des Voeux Road Central, Hong Kong)开户行：HSBC (Hong Kong and Shanghai Banking Corporation) | 开户行账号： 801398595838 | Swift code： HSBCHKHHHKH | Bank code:004 | Branch code:801 | 银行地址：香港九龙深旺道 1 号汇丰中心 2 座 1 楼(1/F, 2 HSBC Centre, 1 Sham Mong Road, Kowloon, Hong Kong)		RONGLIAN TECHNOLOGY LIMITED | 公司地址：香港德辅道中161-167号香港贸易中心5楼 | Contact: 张程 | Email: zhangcheng@roycom.com.cn | TEL: 17725328867	收货地址：香港新界葵涌貨櫃碼頭南路18號和黃物流中心2樓 207室 53698011 Queenie | 倉名是：YHG SUPPLY CHAIN (HONG KONG) LIMITED | 仓库收货时间： | 週一至週五：上午09：00 - 12：30 下午14：00 - 17：30 | 週六: 上午09：00 - 12：30 星期日及香港法定假期休息	RONGLIAN TECHNOLOGY LIMITED						张程	Sales	zhangcheng@roycom.com.cn	17725328867																													
292	202615					融科联创（天津）信息技术有限公司 | 融科世纪 | 香港荣联			北京市海淀区信息路7号弘源首著大厦5005			刘芮-副总经理（老板的外甥女）-GPU	CEO																															
293	202615					融科联创（天津）信息技术有限公司 | 融科世纪 | 香港荣联			北京市海淀区信息路7号弘源首著大厦5005			卢珊--副总经理/CPU采购-CPU	Buyer																															
294	202615					融科联创(天津)信息技术有限公司南区深圳分销事业部			深圳市南山区澳特科兴科学园B901		IT AD/franchise	龙先桥	Sales	longxianqiao@roycom.com.cn	13760351108																													
295	202615					融科联创(天津)信息技术有限公司南区深圳分销事业部						高猛-副总经理/渠道老大																																
296	202615					融科联创(天津)信息技术有限公司南区深圳分销事业部						财务（老板的妹妹）		liuyang@rltec.com.cn																														
297	202615					融科联创			北京市海淀区信息路7号弘源首著大厦5005			刘瑞雪--存储老大-HDD	Buyer																															
298	202616			TIADA L.L.C FZ | Add: Office No 1532, Burjuman Business Tower, Dubai, UAE | Contact: Hossein Tavakoli | Email: ht@tiada.com | TEL: +971506039293	DHL account: 454567249 | TOP FORWARDER SHIPPING LLC | FZS1AJ03, South Zone | Jebel Ali Free Zone, Dubai, UAE | P.O. Box: 261021 | Contact No.: +971 54 247 5375	TIADA L.L.C FZ						Hossein Tavakoli	CEO	ht@tiada.ae	971-506039293 | 971-4-2361086																													
299	202616					TIADA L.L.C FZ			Dubai, UAE P.O.Box:296360	Al I Security I Data Center | Network | Big Data		Roxann Serentas	SCM	roxann@tiada.ae	971-501470798/971-4-2361086																													
300	202616					TIADA L.L.C FZ						Shady Rashidi-Techno Commercial	Buyer	shady@tiada.ae	971-567899001 | 971-4-2361086																													
301	202616					TIADA L.L.C FZ							Others	hello@tiada.ae	971-5 6363 5867																													
302	202616					TIADA L.L.C FZ								nortonmarkindustries@gmail.com  | normagay22@gmail.com		hossein交代抄送邮箱																												
303	202617			TOP GREAT TECHNOLOGY (HK) CO., LIMITED | Add: Room B3, 19/F, Tung Lee Commercial Building, 91-97 | Jervois Street, Sheung Wan, Hong Kong | Contact: Eteen Lin | Email: Export13@topgreatek.com | TEL: +18120840768	仓库地址： | RM 208B, 2/F, Kenning Industrial Building,19 Wang Hoi Road, Kowloon Bay, Kowloon, Hong Kong | 香港九龙湾宏开道19号健力工业中心2楼208B室 | Contact No. :TOPGREAT +852 3619 4235	TOP GREAT TECHNOLOGY (HK) CO., LIMITED						Eteen Lin-CPU/HDD	Sales	Export13@topgreatek.com | eteen@topgreatek.com	18120840768																													
304	202617	户口名称Account name(名称必须完整):HK XIONGAN TECHNOLOGY CO., LIMITED | 银行编号Bank Code: 009 | 分行编号Branch Code: 846 | 户口号码 Account number:8462 1036 8729 （多种货币储蓄户） | 银行名称Bank name:中国建设银行(亚洲)China Construction Bank (Asia) Corporation Limited | 银行地址Address: 20/F, CCB Centre, 18 Wang chiu Road, Kowloon Bay, Kowloon | 银行电话Phone: 852-3718-2288 | SWIFT code: CCBQHKAX Or CCBQHKAXXXX										Sunny Huang	CEO	export2@topgreatek.com																														
305					仓库地址： | RM 208B, 2/F, Kenning Industrial Building,19 Wang Hoi Road, Kowloon Bay, Kowloon, Hong Kong | 香港九龙湾宏开道19号健力工业中心2楼208B室 | Contact No. :TOPGREAT +852 3619 4235							Zoey-CPU	Buyer																															
306	202618	公司名稱：偉仕佳杰(香港)有限公司VSTECS(HK)LIMITED | 銀行名稱：香港上海匯豐銀行有限公司 | 銀行地址：中環皇后大道中1號香港滙豐總行大廈 | 美元賬號：741-635056-838 | SWIFT CODE：HSBCHKHHHKH		HK XIONGAN TECHNOLOGY CO., LIMITED | Contact: 张千 | Email: 28877354744@qq.com | TEL: +86 15182294420	852 51381017 | 香港沙田區火炭沙田区火炭华乐工业中心D | 坐6楼37	HK XIONGAN TECHNOLOGY CO., LIMITED				整机知识		张千	Sales	28877354744@qq.com	15182294420																													
307	202618					深圳市海贝利科技有限公司			深圳市福田区八卦岭541栋汉富中心5楼511室	Western Digital		张千	Sales																															
308	202619			173-6513-1305	鼎算入仓号：MCWDS25098888 | 公司名称（英文）：ICWANT SCM CO., LIMITED | 公司名称（中文）：芯团供应链有限公司 | 仓库地址（英文）：RM C, 14TH FLOOR, BLOCK 2, KOON WAH MIRROR FACTORY (6TH) IND BUILDING, NOS. 7-9 HO TIN STREET, TUEN MUN HONG KONG | 仓库地址（中文）：香港新界屯门河田街7-9号冠华镜厂六厂第二座14C | 香港交货时间： 香港收货周一至周五 | 上午9: 00至12: 00 下午14: 00至下午17: 00  | 周六收货时间 上午9: 30至上午12:00  | 联系人： 林梓峰 （Jeff） +852 93194253	深圳市鼎算智能科技有限公司			深圳市龙岗区联创科技园一期11栋3楼			罗闯	Sales	813771647@qq.com	173-6513-1305																													
309	202619				入仓号： 35469 （请将香港仓库地址及您的入仓号提供给您的供应商，我司香港仓库会根据入仓号进行收货）  | 公司名称： 安徽杨程智芯科技有限公司  | 仓库名称： Tradso (Hong Kong) Information Technology Company Limited  | 仓库编码： HK001  | 仓库中文地址： 香港新界大埔太和汀角路51A號太平工业中心第四座1101室-35469  | 仓库英文地址： 35469-UNIT 1101,BLK 4, TAI PING INDUSTRIAL CENTRE，51A TING KOK ROAD, TAI PO, NEW TERRITORIES. HONGKONG.  | 联系人 李嘉怡(MEIJI LEE) / 林天赐 (CHILAM)  | 联系电话 00852-31532348/31532349/63388017	北京鼎辉盛达科技有限公司			北京市海淀区中关村科贸A座12层1225B			龙旭（老板/罗闯姐夫）	CEO																															
310	202619					东莞市以尚电子科技有限公司			东莞市清溪镇易富街49号汇宝工业园三栋整栋																																			
312	202620					AMAX China | 苏州超集信息技术有限公司	China	http://www.amaxchina.com/			IT AD/franchise	(800) 820-8607, +86 21 5103-5919	Sales	Info@amaxchina.com		网站留资		原厂官网PN																										
313	202620					AMAX China	China	http://www.amaxchina.com/			IT AD/franchise	+86 512 6761-8188	Sales	info@amaxit.net				原厂官网PN																										
314	202620					苏州超集信息科技有限公司 | AMAX Information Technologies (Suzhou) CO.,LTD	SZ	www.amaxchina.com	中国(江苏)自由贸易试验区苏州片区苏州工业园区新昌路28号	NV, Mellanox, Supermicro	SI-System integrator	陈琳Summer chen	Purchasing Manger	Summer_chen@amaxchina.com	18068004615	对方已建档																												
315	202620					苏州超集信息科技有限公司 | AMAX Information Technologies (Suzhou) CO.,LTD	SZ	www.amaxchina.com	中国(江苏)自由贸易试验区苏州片区苏州工业园区新昌路28号	NV, Mellanox, Supermicro	SI-System integrator	Alice Yu | (0512)67618188-8602		alice_yu@amaxchina.com	18625212406	对方已建档																												
316	202620					苏州超集信息科技有限公司 | AMAX Information Technologies (Suzhou) CO.,LTD	SZ	www.amaxchina.com	中国(江苏)自由贸易试验区苏州片区苏州工业园区新昌路28号	NV, Mellanox, Supermicro	SI-System integrator	Selina Ding 丁永燕 | (0512) 67618188-8603		Selina_ding@amaxchina.com		对方已建档																												
317	202620					AMAX	United States (West)	http://www.amax.com/	1568 Reliance Way, Fremont, CA		Solution provider	(800) 800-6328	Sales	Inquiry@amax.com				原厂官网PN																										
318	202620					AMAX	United States (West)	http://www.amax.com/	1569 Reliance Way, Fremont, CA		Solution provider	Richard Zhao	Others	richard_zhao@amax.com		eng		原厂官网PN																										
319	202620					AMAX	United States (West)	http://www.amax.com/	1570 Reliance Way, Fremont, CA		Solution provider	Edward Zhang	Director	edward_zhang@amax.com				原厂官网PN																										
320	202621			AMBLE ELECTRONICS ASIA LIMITED | ADA 郭云航 | 18594228065 | ada.guoaambleasia.com | UNIT 03-04 8/F TOWER 1MAGNET PLACE 77-81 CONTAINERPORT ROAD KWAI CHUNG, NT	香港新界葵涌貨櫃碼頭路77-81號 Magnet Place 第一座八樓03-04室 | 收货联系人: Pitt Pang / Rex Fung  | 送货联系电话:+852-37016702/852-37016701	AMBLE ELECTRONICS ASIA LIMITED			Room 601, Block B2, Kexing Science Park, Nanshan District,Shenzhen, Guangdong, China			ADA 郭云航	Buyer	ada.guoaambleasia.com	18594228065																													
321									UNIT 03-04 8/F TOWER 1MAGNET PLACE 77-81 CONTAINERPORT ROAD KWAI CHUNG, NT			Richard	Purchasing Manger																															
322	202621					DITIAN TECH (HK) LIMITED						黄荣	Buyer																															
323	202621			DITIAN TECH (HK) LIMITED | ADD: FLAT 2401-16 WING SHING INDUSTRIAL BUILDING26 NG FONG STREET SAN PO KONG, KL | Contact: 黄荣 | TEL: huangrong@ditian-tech.com | Tel: 86 13641369133		DITIAN TECH (HK) LIMITED						Wendy-小股东	Purchasing Manger																															
324	202622	Beneficiary Name:收款人信息 Topcloud HK Limited | BANK CODE: 016 | Branch code: 478 | Beneficiary Account Number:收款人账号 002745708 | Bank Swift Code: DHBKHKHH | Receiving Bank Name:(收款銀行名稱) DBS BANK (Hong Kong)Limited | Receiving Bank Address:(收款银行地址) 16/F,The Centre,99 Queen’s Road Central,Central,HK		雲鼎香港有限公司TOPCLOUD HK LIMITED | Contact: 陈丽萌  | Tel: 13520128112 | Email: chenlm@chinasupercloud.com | Add: ROOM 701 UNIT 127 7/F TOWER B NEW MANDARIN PLAZA 14 SCIENCE MUSEUM ROAD TSIM SHA TSUI KL	德成(香港)进出口有限公司DELCHANNEL (HK) IMPORT & EXPORT LIMITED | 收货地址:香港新界沙田火炭禾香街12-36號百適一倉B座9樓2室 | 9/F,Block B Room 2, Pak Sik Godown Building No. 1, No. 12-36 Wo HeungStreet,Fotan,Shatin, New Territories, Hong Kong. | 仓库联系人:刘峻Liu Jun  | 电话:(852)37052535  | E-mail: liujun@delchannel.com	TOPCLOUD HK LIMITED		www.chinasupercloud.com				陈丽萌		chenlm@chinasupercloud.com	13520128112																													
325	202622				入仓号：MCWZS26058888  | 公司名称（英文）：ICWANT SCM CO., LIMITED | 公司名称（中文）：芯团供应链有限公司 | 仓库地址（英文）：RM C, 14TH FLOOR, BLOCK 2, KOON WAH MIRROR FACTORY (6TH) IND BUILDING, NOS. 7-9 HO TIN STREET, TUEN MUN HONG KONG | 仓库地址（中文）：香港新界屯门河田街7-9号冠华镜厂六厂第二座14C | 香港交货时间： 香港收货周一至周五 | 上午9: 00至12: 00 下午14: 00至下午17: 00  | 周六收货时间 上午9: 30至上午12:00  | 联系人： 林梓峰 （Jeff） +852 93194253		深圳					孙利伟	Director	sunlw@chinasupercloud.com																														
326	202622					Beijing Supercloud Technology Co.,Ltd	北京					王兵-总经理	Director	wangbing@chinasupercloud.com	1510221633																													
327	202622					广州超云	北京					孙福义-副总经理		sunfy@chinasupercloud.com	18618402266																													
328	202623	Payment Details | Beneficiary Bank Name: THE HONGKONG AND SHANGHAI BANKING CORPORATION LIMITED | Beneficiary Bank Address: Level 6, HSBC Main Building, 1 Queen's Road Central, Central, Hong Kong | Beneficiary Account Name: UHOP TECH CO., LIMITED | Beneficiary Account No.: 149284614838 (USD) | Swift Code: HSBCHKHHHKH | Bank Code：004 (optional)		UHOP TECH CO.,LIMITEO | Add: FLAT/RM 14 29/F HO KING COMMERCIALCENTRE 2-16 FAYUEN STREET MONGKOK KL | Contact person: Maxi | Phone no.: +86 150 1419 4398 | Email: Maxi@uhoptech.com	仓库地址: | 香港九龍觀塘興業街 16-18 號美興工業大廈 B 座 5 樓 05 室 | Add：RM05 5/F BLK B,MAI HING IND BLDG.NO 16-18 HING YIP | ST.,KWUN TONG KLN HK.	UHOP TECH CO., LIMITED			广东省深圳市龙华区民康路112号1970科技小镇	CPU, 都可以问		Maxi	Sales	Maxi@uhoptech.com	150 1419 4398																													
329	202623					UHOP TECH CO., LIMITED						Alan																																
330	202623					UHOP TECH CO., LIMITED						Luca夏雄建	Buyer	luca@uhoptech.com	150 1419 4398																													
331	202623											Mico																																
332	202624	中國信託銀行賬戶：  | Bank Name(银行名稱): Chinatrust Commercial Bank Ltd, Hong Kong  | Branch  | A/C Name(戶名): 3DSTOR ASIA LIMITED  | A/C NO(賬號): 904-10-108571-6  | SWIFT: CTCBHKHH  | Bank Address(银行地址): 28/F., Two International Finance Centre, 8  | Finance  | Street, Central, Hong Kong  | 银行代码：229/分行代码：972		3DSTOR ASIA LIMITED | Add: Room 803B, 8/F., West Coast International Building, 290-296 Un Chau Street, Cheung Sha Wan, Kowloon, Hong Kong | Contact: Jeff Feng | Email: jeff.feng@3dstor.com | TEL: +13075229929		3DSTOR ASIA LIMITED				GPU		Jeff Feng		jeff.feng@3dstor.com	13075229929																													
333	202625	收款人名称:芯團供應鏈有限公司 | 收款人英文名:ICWANTSCM CO.,LIMITED | 银行账号:004147851927838 | BANK CODE: 004 | 收款银行:香港上海汇丰银行有限公司 | 收款银行英文名:The Hongkongand Shanghai BankingCorporation Limited | 汇丰银行地址:香港中环皇后大道中1号香港汇丰银行大厦 | 汇丰银行英文地址:1QUEEN'SROAD,CENTRAL,HONGKONG | 银行SWIFT CODE:HSBCHKHHHKH |  | 收款人名称：芯團供應鏈有限公司  | 收款人英文名：ICWANT SCM CO.,LIMITED  | 银行账号：002573785  | BANK CODE: 016  | 收款银行：星展银行（香港）有限公司  | 收款银行英文名：DBS Bank（Hong Kong） Limited  | 星展银行地址：香港中环皇后大道中 99 号中环中心  | 地下  | 星展银行英文地址：G/F,The Center,99 Queen's Road  | Central, Central, Hong Kong  | SWIFT CODE：DHBKHKHH				芯團供應鏈有限公司						李冬明																																
334	202626	Ex-Channel Group Limited | 花旗银行香港分行/Citibank N.A., Hong Kong Branch | 香港九龙观塘海滨道八十三号花旗大楼九楼/9/F Citi Tower, OneHoi Bun Road, Kwun Tong, Kowloon, Hong Kong | AC:0061155304029 | SWIFT:CITIHKHXXXX		Ex-Channel Group Limited | ADD: FLAT 102 1/F SUNBEAM CENTRE 27 SHING YIP STREET KWUN TONG KL | Contact: 常桂详 | Phone: 16621320520 | Email: guixiang.chang@ex-channel.com		Ex-Channel Group Limited | 宝通集团	China	http://www.ex-channel.com/	上海市虹口区东长治路866号友邦金融中心1101室 | FLAT 102 1/F SUNBEAM CENTRE 27 SHING YIP STREET KWUNTONG KL	Intel, Supermicro	IT AD/franchise	常桂详	Sales	guixiang.chang@ex-channel.com	16621320520	介绍了珑京在Taurus系统建档，专属渠道（倒货）。介绍哈萨克斯坦mini主板需求旺盛，是俄罗斯后花园。 | intel solidigm supermicro dapustor ADATA库存3个亿		超微原厂官网																										
335	202626					Ex-Channel Group	China	http://www.ex-channel.com/	11F,Block C,International Innovation Center(futian science and technology plaza),No.1006,Shennan Road,xintian community, huafu street,Futian District,Shenzhen,China,518026	华为存储，整机，产品线很窄。	IT AD/franchise	高		peng.gao@ex-channel.com	13311393942			超微原厂官网																										
336	202626					Ex-Channel Group						张海宏	CEO		0755-27521421																													
337	202626					Ex-Channel Group						张丽霞	Finance	lixia.zhang@ex-channel.com	0755-83273832																													
338	202626					Ex-Channel Group						陈桂霞	WH	guixia.chen@ex-channel.com	35687186																													
339	202626					深圳市宝通信息科技发展有限公司			深圳市龙岗区龙城街道黄阁坑社区腾飞路9号创投大厦2209					marketing@ex-channel.com	0755-27521421																													
340	202626					Powerleader Computer System Co., Ltd. | 宝德计算机系统股份有限公司	SZ	https://en.powerleader.com.cn/	深圳市龙华区清祥路1号宝能科技园7栋B座16楼 | 黄埔区绿地中央广场E栋23A楼2407-2412		IT MFG	Jack zheng	Sales		4008-870-872 | 020-82258386																													
341	202626					Powerleader Computer System Co., Ltd. | 宝德计算机系统股份有限公司	GZ	https://en.powerleader.com.cn/	黄埔区绿地中央广场E栋23A楼2407-2412		IT MFG	孙健																																
342	202626					Powerleader Computer System Co., Ltd. | 宝德计算机系统股份有限公司	GZ	https://en.powerleader.com.cn/	黄埔区绿地中央广场E栋23A楼2407-2412		IT MFG	李科			020-82258386																													
343	202626					Powerleader Computer System Co., Ltd. | 宝德计算机系统股份有限公司	ZH		珠海市香洲区科融路33号格创·智造7楼、10楼		IT MFG	吴彦绵			17727812916																													
344	202626					Powerleader Computer System Co., Ltd. | 宝德计算机系统股份有限公司	ZH		珠海市香洲区科融路33号格创·智造7楼、10楼		IT MFG	李佳超			18814126114																													
345	202626					广东宝德自强计算机有限公司 | powerleader			广州市黄埔区护林路1006号		IT MFG	李科			020-82258386																													
350	202627	ACCOUNT：HuaShu International Group (Hongkong) limited  | Address：Room H28G, Blk EH, 10th Floor, Golden Bear Ind. Ctr., 66-82 Chai  | Wan Kok St., Tsuen Wan NT  | BANK NAME & BANK BRANCH NAME：HSBC Hong Kong  | BANK Address:1 Queen's Road Central, Hong Kong  | BANK ACCOUNT NUMBER：741547889838  | BANK CODE/SWIFT CODE(BIC)：HSBCHKHHHKH/004		HuaShu International Group (Hongkong) limited | Add: ROOM H28G BLK EH 10TH FLOOR GOLDEN BEAR IND CTR 66-82 CHAI WAN KOK ST TSUEN WAN, NT | Contact: 张瑞智 | Email: zhangruizhil@sdyiran.com | TEL: +86 15069252012		HuaShu International Group (Hongkong) limited  | 华数国际香港集团有限公司			GPU			张瑞智	Sales	zhangruizhil@sdyiran.com	15069252012																													
351	202627					山东怡然						王宇宙	Sales Manager																															
352	202627					山东飞象信息科技有限公司																																						
353	202628			杭州易成讯创电子科技有限公司 | 地址:浙江省杭州市西湖区文三路398号4幢第五 | 层501-507室 | 联系人：林思 | 手机：15121057019		杭州易成讯创电子科技有限公司			上海	超微主板服务器		林思	Sales		15121057019																													
354	202628			易成訊創(香港)有限公司ECHENG (HONG KONG) CO., LIMITED | Add: 香港尖沙咀漆咸道南61-65號首都廣場2樓S068室 | Contact person: 冯静如 | Phone no.: +86 17754543807		易成訊創(香港)有限公司 | ECHENG (HONG KONG) CO., LIMITED						冯静如-商务			17754543807																													
355	202628	个账：1、陈玲 ，账号：6222081202011295233，开户行：工商银行浣纱路支行 | 2、陈伟明，账号：622908353114158519，开户行：兴业银行湖墅支行 | 3、陈伟明，账号：6236681540023122521，建设银行高新支行 | 4、支付宝收款账号：13858115909		 | 杭州易成讯创电子科技有限公司 | Add: 杭州市西湖区文三路398号4幢第五层501-507室 | Contact person: 曹剑辉 | Phone no.: +86 15170524335	九旭控股有限公司/JLONGHOLDINGSLIMITED | 新界大埔南华莆LOT950RP至960RPDD9｀DD9LOT950RPTO960RP, NAMWAPO，TAIPO,N.T.， | HONG KONG | 联系人：李文基 | 电话：852-63965636	杭州易成讯创电子科技有限公司			浙江省杭州市西湖区文三路398号4幢第五 | 层501-507室	超微主板服务器		曹剑辉	Sales																															
356	202629			GlobeServe Tech International Co., Ltd.  | ADD: ROOM NO.2 15/F CORPORATION SQUARE NO.8 LAM LOK STREET KOWLOON BAY KL | Contact: Fiona Han | Email: fiona.han@servergst.com | Tel: 86 19523335008	香港九龍灣臨樂街8號商業廣場15樓02室 | Contact: Xie Junyi | Mob：85267486422 | Entry No.: GS-168	GlobeServe Tech International Co., Ltd.	HK	www.servergst.com	Delivery address : | Room No.2, 15/F, Corporation Square, No.8 Lam Lok Street, Kowloon Bay, Kwun Tong District, HK(香港九龍灣臨樂街8號商業廣場15樓02室) | Contact: Xie Junyi | Mob：85267486422 | Entry No.: GS-168 | Opening time：9：00-18：00		SI-System integrator	Fiona Han	Purchasing Manger	fiona.han@servergst.com	19523335008	TF: NX Rohda																												
357	202629					GlobeServe Tech International Co., Ltd.	HK	www.servergst.com	ROOM NO.2 15/F CORPORATION SQUARE NO.8 LAM LOK STREET KOWLOON BAY KL	GPU CPU, SSD HDD	SI-System integrator	Gina Xue	Buyer	Gina.xue@servergst.com	13917273214																													
358	202629					朴赛计算机(上海)有限公司	SH	http://www.porser.com/	总部：上海市闵行区紫东路18号	研发、生产、部署、运维一体的服务器厂商	IT MFG	加盟热线		lcy@porser.com	400-000-1773	byd dennis推荐，代理拿货，价格优势不高																												
359	202629					朴赛计算机(上海)有限公司	SZ		北京、南京、西安、深圳、成都、香港等分公司	计算服务器、智算服务器、超融合服务器、边缘计算服务器、存储服务器及工作站	IT MFG					byd dennis推荐，代理拿货，价格优势不高																												
360	202630			XINRUI (HONG KONG) INDUSTRIAL LIMITED | 1320，UNIT A，13/F WING TAI CENTRE | 12 HING YIP STREET KWUNTONG KL | 陈军伟 | 133 2581 3988												鼎算罗闯推荐																												
361	202631	户名：GRANDTEC INDUSTRIAL (HONG KONG) LTD | 账号：012-966-2-000524-9（USD） | SWIFT BIC: BKCHHKHHXXX | Bank Name: BANK OF CHINA (HONG KONG) LIMITED, HONG KONG | Main Address: BANK OF CHINA TOWER, 1 GARDEN ROAD, CENTRAL, HONG KONG | Bank Code: 012		融核（上海）科技有限公司 | Grandtec Industrial (Hong Kong) Limited | Daisy Zhang 张迪斯 | 手机:183 6880 1241 | 网址: www.superphi.com.cn | 邮箱: disi@superphi.com.cn | 地址: 上海市徐汇区肇家浜路1065号飞雕国际大厦2501-2509室		融核（上海）科技有限公司 | Grandtec Industrial (Hong Kong) Limited				CPU		Daisy Zhang 张迪斯	Sales	disi@superphi.com.cn	183 6880 1241																													
362	202631			GRANDTEC INDUSTRIAL (HONG KONG) LTD | Add: BLK C 17/F SOUTHEAST INDUSTRIAL BUILDING611-619 CASTLE PEAKROADTSUEN WAN | NT | Contact person: Daisy Zhang 张迪斯 | Phone no.: +86 183 6880 1241 | Email: disi@superphi.com.cn		融核（上海）科技有限公司			上海市徐汇区肇家浜路1065号飞雕国际大厦2501-2509室			Mia Li	Director	Mia.Li@superphi.com.cn	185 1656 9962																													
363						廣達實業（香港）有限公司		http://www.grandtec.net.cn/	香港新界荃灣青山道611-619號東南工業塔樓17樓C室			闵龙		long.min@superphi.com.cn	18116470103																													
364												Tom		tom@grandtec.net.cn	00852-60391519																													
365	202632					芯通科技有限公司		https://www.global-chip.com/	香港新蒲崗太子道東704號新時代工貿商業中心1701-02			蔡高奎			592-6083169																													
366	202632					芯通科技有限公司						Linda																																
367	202632	浦发银行资料： | 公司名称（中文）：芯通科技有限公司 | 公司名称（英文）：Global Chip Industrial Co.,Limited | 银行名称 ：SHANGHAI PUDONG DEVELOPMENT BANK CO LTD | 银行地址：30/F., SPD BANK TOWER, ONE HENNESSY, 1 HENNESSY ROAD, HONG KONGBeneficiary Swift Address： SPDBHKHH | Bank Acount：2888-012-124273-1 | Bank code： 345		GLOBAL CHIP INDUSTRIAL CO., LIMITED | Add: RM 1013 10TH FL00RHOPE SEA INDUSTRIAL CENTRE20-28 LAM HING ST KOWLOON BAY KL | Contact: Jennifer Wu | Tel: 15059078030 | Email: jennifer.wu@global-chip.com	Warehouse: 香港九龍灣臨興街20-28號富洋工業中心10樓13室 | RM1013, 10th Floor, Hope Sea Industrial Centre, 20-28 Lam Hing Street Kowloon Bay, Kowloon, Hong Kong	芯通科技有限公司						Jennifer Wu 吴晓洁	Purchasing Manger	jennifer.wu@global-chip.com	15059078030																													
368	202632					芯通科技有限公司						Annie	Sales																															
369	202632					芯通科技有限公司						Yona	Sales																															
370	202633			Anchor Innovative IT Solutions FZC LLC | Address: Business Center Sharjah Publishing City Free Zone, sharjah, UAE | Contact: Anurag Singh | Phone no: 918510982626 | Email: apsingh@anchoreg.com		Anchor Innovative IT Solutions FZC LLC		www.anchoreg.com	19th Floor Damac Executive Heights, Race Course Road, TECOM, Dubai			Anurag Singh	Sales Manager	apsingh@anchoreg.com	918510982626																													
371	202633			Computer Solution INC.		Computer Solution INC.-Anchor美国关联公司						Amr Deraz																																
372	202634	Bank Details and account number: （大新银行）  | Account Name: HK Star Harvest Electronics Technology Co., Limited  | Account Number: 040747018386228  | Bank Name: Dah Sing Bank, Limited  | SWIFT CODE: DSBAHKHHXXX  | Bank Address: 26/F, Dah Sing Financial Centre, 248 Queen's Road  | East, Wan Chai, Hong Kong		港星禾電子科技有限公司 | HK STAR HARVEST ELECTRONICS TECHNOLOGY CO., LIMITED | CO.,FLAT/RM D07, 8/F KAI TAK FTY BUILDING 99 KING FUK STREET SANPOKONG, KL | Contact: Charis Chen陈湖蝶 | Email: charis@hkshe.tech | Phone no: 15016737374	益盛商務代理公司 | East Synergy Business Service Company | 香港九龍官塘鴻圖道44-46號世紀中心9樓07室 | Room 07.,9/F.,Century Centre.,44-46Hung To RD.,Kwun Tong,Kln.,H.K. | ATTN:Mr. Wang | Tel：852-35719931	港星禾電子科技有限公司 | HK STAR HARVEST ELECTRONICS TECHNOLOGY CO., LIMITED						Charis Chen陈湖蝶		charis@hkshe.tech	15016737374																													
